date,time,wind,dis1,dis2,dis3,dis4,ang1x,ang1z,ang2x,ang2z,ang3x,ang3z
10.08.2019,11:09:51,2.81,1.609,1.039,1.161,1.791,4.9619,-6.505,2.7289,0.6015,-0.035,2.5014
10.08.2019,11:09:51,2.81,1.679,1.037,1.175,1.791,5.0602,-6.505,3.0651,0.6015,0.2238,2.3929
10.08.2019,11:09:51,2.99,1.735,1.037,1.125,1.791,5.4676,-6.6176,3.3593,0.4302,0.4057,2.3264
10.08.2019,11:09:51,2.99,1.622,1.037,1.099,1.791,5.805,-6.8289,3.5976,0.4302,0.6015,2.3264
10.08.2019,11:09:51,2.99,1.664,1.036,1.085,1.791,6.3396,-6.7021,3.8219,0.5701,0.7554,2.4839
10.08.2019,11:09:51,2.99,1.668,1.035,1.103,1.791,6.6775,-6.6986,4.0182,0.696,0.9373,2.4839
10.08.2019,11:09:52,2.99,1.641,1.034,1.09,1.791,6.9029,-6.6986,4.176,0.696,1.0213,2.4839
10.08.2019,11:09:52,2.99,1.569,1.035,1.138,1.791,7.3117,-6.5895,4.5267,0.6995,1.2731,2.6239
10.08.2019,11:09:52,2.99,1.606,1.035,1.14,1.791,7.6927,-6.5895,4.818,0.8779,1.511,2.6239
10.08.2019,11:09:52,2.72,1.689,1.035,1.111,1.791,7.9892,-6.7761,5.0567,0.7659,1.679,2.5504
10.08.2019,11:09:52,2.72,1.577,1.035,1.147,1.791,8.1871,-6.7761,5.2814,0.7659,1.7909,2.5504
10.08.2019,11:09:52,2.72,1.715,1.034,1.205,1.791,8.3001,-6.6599,5.2814,0.7659,1.7909,2.6694
10.08.2019,11:09:53,2.72,1.701,1.034,1.198,1.791,8.3037,-6.4909,5.4079,0.9338,1.8609,2.6694
10.08.2019,11:09:53,2.72,1.794,1.035,1.182,1.791,8.4981,-6.2094,5.4079,1.1717,1.8609,2.848
10.08.2019,11:09:53,2.72,1.723,1.035,1.173,1.791,8.6396,-6.2094,5.4079,1.2976,1.9449,2.932
10.08.2019,11:09:53,2.72,1.658,1.035,1.165,1.791,8.6396,-6.674,5.4114,1.0597,1.9449,2.5924
10.08.2019,11:09:53,2.29,1.658,1.036,1.188,1.791,8.6396,-7.4634,5.6609,0.3183,2.0569,2.1164
10.08.2019,11:09:53,2.29,1.638,1.036,1.107,1.791,8.2295,-7.0262,5.3798,0.5141,1.7979,2.4874
10.08.2019,11:09:54,2.29,1.636,1.038,1.064,1.791,8.2295,-6.843,5.3798,0.64,2.0149,2.3089
10.08.2019,11:09:54,2.29,1.661,1.04,1.017,1.791,8.2295,-7.1813,5.3798,0.4162,1.8819,2.3089
10.08.2019,11:09:54,2.29,1.672,1.041,0.993,1.791,8.2295,-7.1813,5.3798,0.5281,1.9449,2.3089
10.08.2019,11:09:54,2.29,1.691,1.043,0.998,1.791,8.0881,-7.8586,5.3798,0.035,1.8819,1.6964
10.08.2019,11:09:54,2.29,1.591,1.044,0.991,1.791,7.6645,-9.0891,5.2674,-0.7869,1.8819,1.0562
10.08.2019,11:09:54,2.29,1.648,1.043,0.997,1.791,7.0579,-9.0891,4.9724,-1.2346,1.2242,1.3851
10.08.2019,11:09:55,2.29,1.646,1.043,0.979,1.791,7.0579,-8.2683,4.5934,-0.4791,1.609,2.0814
10.08.2019,11:09:55,2.29,1.585,1.043,0.972,1.791,7.961,-7.4493,5.1269,0.2763,1.8749,2.2599
10.08.2019,11:09:55,2.29,1.53,1.042,0.964,1.791,7.6362,-7.2659,4.5513,0.4721,1.476,2.3159
10.08.2019,11:09:55,2.29,1.595,1.039,0.971,1.791,6.9593,-6.8007,4.3022,0.8044,1.1822,2.4699
10.08.2019,11:09:55,2.29,1.629,1.038,1.02,1.791,6.9557,-6.3783,4.2987,1.1157,1.0143,2.7079
10.08.2019,11:09:55,2.29,1.605,1.037,1.021,1.791,6.9522,-5.9737,4.3969,1.2976,1.1052,2.96
10.08.2019,11:09:56,5.88,1.558,1.036,1.012,1.791,7.072,-5.8577,4.3969,1.2976,1.2032,3.0336
10.08.2019,11:09:56,5.88,1.652,1.036,1.047,1.791,7.072,-5.8577,4.2987,1.1437,1.0423,2.9565
10.08.2019,11:09:56,5.88,1.516,1.037,1.062,1.791,6.9452,-6.3501,4.2987,0.9478,1.1332,2.7569
10.08.2019,11:09:56,5.88,1.499,1.038,1.067,1.791,6.6212,-6.9698,4.1865,0.4022,1.0423,2.3509
10.08.2019,11:09:56,5.88,1.469,1.04,1.041,1.791,6.2692,-6.9734,3.8499,0.2343,0.8744,2.1864
10.08.2019,11:09:57,5.88,1.469,1.043,1.017,1.791,6.2657,-7.1531,3.8499,0.2343,0.7764,2.1864
10.08.2019,11:09:57,5.61,1.5,1.043,1.006,1.791,6.2657,-7.2659,3.9621,0.1084,0.8674,2.1864
10.08.2019,11:09:57,5.61,1.508,1.044,0.99,1.791,6.4803,-7.4775,4.1444,0.1084,1.0073,2.1199
10.08.2019,11:09:57,5.61,1.508,1.045,0.994,1.791,6.4839,-7.6468,4.1444,0.1084,1.0073,2.1199
10.08.2019,11:09:57,5.61,1.576,1.042,0.991,1.791,6.6493,-7.9327,4.3584,-0.2868,1.1332,1.7944
10.08.2019,11:09:57,5.61,1.576,1.044,0.98,1.791,6.6493,-8.1694,4.4671,-0.4512,1.2591,1.6545
10.08.2019,11:09:58,5.61,1.581,1.044,0.976,1.791,6.6528,-8.014,4.4671,-0.4512,1.1682,1.6545
10.08.2019,11:09:58,5.61,1.536,1.044,0.967,1.791,6.6528,-7.7033,4.2461,-0.2168,1.0562,1.7629
10.08.2019,11:09:58,4.04,1.591,1.043,0.963,1.791,6.4803,-7.5763,4.2426,-0.1014,0.9723,1.9134
10.08.2019,11:09:58,4.04,1.598,1.043,0.984,1.791,6.3536,-7.5727,4.0042,-0.1014,0.8884,1.8539
10.08.2019,11:09:58,4.04,1.552,1.042,0.972,1.791,6.3536,-7.3364,4.0042,0.0385,0.9373,1.9834
10.08.2019,11:09:58,4.04,1.526,1.042,0.995,1.791,6.4803,-7.1531,4.0042,0.1924,0.9373,2.0989
10.08.2019,11:09:59,4.04,1.58,1.042,0.995,1.791,6.6071,-7.1531,4.1725,0.1924,1.0353,2.1549
10.08.2019,11:09:59,4.04,1.587,1.042,0.993,1.791,6.7761,-7.1496,4.3408,0.1958,1.1332,2.1549
10.08.2019,11:09:59,4.04,1.593,1.043,0.99,1.791,6.7796,-7.2941,4.4952,0.1958,1.2451,2.0499
10.08.2019,11:09:59,3.16,1.62,1.044,0.995,1.791,7.072,-7.6186,4.6952,-0.1049,1.3851,1.9064
10.08.2019,11:09:59,3.16,1.658,1.045,0.988,1.791,7.0755,-7.6221,4.6987,-0.1049,1.483,1.9064
10.08.2019,11:09:59,3.16,1.631,1.047,0.974,1.791,7.2694,-7.9151,4.8601,-0.2413,1.539,1.7839
10.08.2019,11:10:00,3.16,1.583,1.046,0.969,1.791,7.5516,-8.1411,5.0848,-0.3532,1.7209,1.7139
10.08.2019,11:10:00,3.16,1.645,1.046,0.97,1.791,7.7915,-8.2825,5.2955,-0.3532,1.8749,1.7139
10.08.2019,11:10:00,3.16,1.63,1.047,0.976,1.791,7.7951,-8.2825,5.2955,-0.3532,1.8749,1.7139
10.08.2019,11:10:00,3.16,1.591,1.047,0.978,1.791,7.961,-8.5795,5.299,-0.5631,1.9729,1.5145
10.08.2019,11:10:00,2.55,1.608,1.047,0.979,1.791,7.9645,-8.721,5.4922,-0.5666,1.9729,1.4201
10.08.2019,11:10:00,2.55,1.647,1.047,0.979,1.791,8.2719,-8.8484,5.4957,-0.6925,2.0709,1.4201
10.08.2019,11:10:01,2.55,1.573,1.046,0.976,1.791,8.2719,-8.8484,5.689,-0.6925,2.0709,1.483
10.08.2019,11:10:01,2.55,1.566,1.045,0.969,1.791,8.1588,-8.3956,5.5203,-0.4372,2.0709,1.483
10.08.2019,11:10:01,2.55,1.598,1.043,0.964,1.791,8.1553,-8.1129,5.3938,-0.2693,1.9939,1.623
10.08.2019,11:10:01,2.55,1.652,1.041,0.983,1.791,8.0175,-7.7739,5.3938,-0.0595,1.9239,1.8189
10.08.2019,11:10:01,2.55,1.687,1.042,1.006,1.791,7.7774,-7.5763,5.0848,-0.056,1.9239,1.9834
10.08.2019,11:10:01,2.02,1.616,1.042,1.015,1.791,7.3964,-7.5727,4.8215,-0.0525,1.658,2.0534
10.08.2019,11:10:02,2.02,1.646,1.04,1.03,1.791,7.0438,-7.2941,4.5373,0.2623,1.448,2.0534
10.08.2019,11:10:02,2.02,1.537,1.038,1.019,1.791,6.8043,-6.7021,4.2987,0.8779,1.0982,2.904
10.08.2019,11:10:02,2.02,1.489,1.036,1.038,1.791,6.8043,-6.2551,4.2952,1.0597,1.0982,2.82
10.08.2019,11:10:02,2.02,1.452,1.035,1.156,1.791,6.8043,-6.2551,4.2952,1.0597,1.0982,2.82
10.08.2019,11:10:02,2.02,1.45,1.035,1.096,1.791,6.9311,-6.0265,4.4425,1.2381,1.441,3.0476
10.08.2019,11:10:02,2.02,1.622,1.035,1.246,1.791,7.3823,-5.8436,4.7197,1.4375,1.441,3.1317
10.08.2019,11:10:02,2.29,1.645,1.034,1.12,1.791,7.7209,-5.703,4.7197,1.4375,1.511,3.0371
10.08.2019,11:10:03,2.29,1.574,1.033,1.101,1.791,8.1023,-5.5203,5.1971,1.7454,1.9589,3.3558
10.08.2019,11:10:03,2.29,1.674,1.033,1.164,1.791,8.7811,-5.2393,5.5765,2.0674,1.9589,3.4539
10.08.2019,11:10:03,2.29,1.741,1.033,1.152,1.791,8.7811,-5.2393,5.3938,1.8994,1.8959,3.2227
10.08.2019,11:10:03,2.29,1.786,1.034,1.137,1.791,8.6537,-5.5062,5.3938,1.6615,1.9729,3.1492
10.08.2019,11:10:03,2.29,1.69,1.034,1.236,1.791,8.8094,-5.8015,5.689,1.5215,2.2249,2.9706
10.08.2019,11:10:03,2.29,1.642,1.035,1.106,1.791,9.4896,-6.4487,6.3783,0.9478,2.785,2.4944
10.08.2019,11:10:04,2.72,1.609,1.036,1.046,1.791,9.9011,-7.1531,6.8465,0.6645,2.841,2.4209
10.08.2019,11:10:04,2.72,1.6,1.038,1.039,1.791,9.9047,-7.2941,6.8465,0.661,2.841,2.2844
10.08.2019,11:10:04,2.72,1.605,1.039,1.005,1.791,9.9047,-7.4352,6.7479,0.3148,2.7219,2.0884
10.08.2019,11:10:04,2.72,1.664,1.04,1.008,1.791,9.4045,-7.7456,6.7479,0.3148,2.7219,2.0884
10.08.2019,11:10:04,2.72,1.727,1.044,0.981,1.791,8.583,-7.8868,5.5484,-0.1294,1.8959,1.9029
10.08.2019,11:10:04,2.72,1.629,1.043,0.98,1.791,7.8621,-7.7315,5.1971,-0.1294,1.63,1.7979
10.08.2019,11:10:05,2.72,1.709,1.046,0.985,1.791,7.4246,-7.8586,4.832,-0.2553,1.49,1.574
10.08.2019,11:10:05,2.55,1.731,1.046,0.968,1.791,7.3399,-8.6644,4.832,-0.605,1.7349,1.4725
10.08.2019,11:10:05,2.55,1.678,1.045,0.963,1.791,7.0861,-8.8625,5.0146,-0.731,1.574,1.2661
10.08.2019,11:10:05,2.55,1.604,1.045,0.961,1.791,6.6493,-8.8625,4.8075,-0.8744,1.3221,1.3431
10.08.2019,11:10:05,2.55,1.566,1.045,0.955,1.791,6.4663,-8.5229,4.439,-0.8744,1.2381,1.469
10.08.2019,11:10:05,2.55,1.531,1.044,0.948,1.791,6.4663,-8.0563,4.439,-0.5911,1.2381,1.6929
10.08.2019,11:10:06,2.55,1.483,1.046,0.975,1.791,6.4663,-7.5057,4.3128,-0.2833,1.0283,1.9834
10.08.2019,11:10:06,2.55,1.508,1.044,0.986,1.791,6.6071,-7.213,4.1444,0.0105,1.0283,2.1269
10.08.2019,11:10:06,2.29,1.574,1.043,1.01,1.791,6.9593,-6.9135,4.2847,0.3043,1.3711,2.3439
10.08.2019,11:10:06,2.29,1.583,1.043,1.003,1.791,7.3399,-6.9135,4.6636,0.4302,1.469,2.2564
10.08.2019,11:10:06,2.29,1.639,1.043,1,1.791,7.3399,-7.1108,4.6671,0.3322,1.3081,2.1024
10.08.2019,11:10:06,2.29,1.675,1.043,0.977,1.791,7.213,-6.9276,4.7759,0.1644,1.637,1.8679
10.08.2019,11:10:07,2.29,1.77,1.042,0.966,1.791,7.4528,-6.6881,5.3376,0.9058,1.9169,2.6659
10.08.2019,11:10:07,2.29,1.703,1.042,0.973,1.791,8.7103,-7.0403,6.2094,0.1644,2.5749,2.1164
10.08.2019,11:10:07,2.29,1.716,1.042,0.944,1.791,9.447,-8.127,6.998,-0.4092,2.953,1.4585
10.08.2019,11:10:07,2.02,1.527,1.043,0.957,1.791,10.4412,-8.5688,7.735,-0.4092,3.4995,1.525
10.08.2019,11:10:07,2.02,1.641,1.043,0.941,1.791,11.4957,-8.8908,8.3567,-0.4092,3.9341,1.525
10.08.2019,11:10:07,2.02,1.597,1.044,1.047,1.791,11.9243,-8.5936,8.3567,-0.1714,4.0743,1.7069
10.08.2019,11:10:08,2.02,1.544,1.044,1.101,1.791,11.7956,-8.3107,8.1977,-0.0175,3.8009,1.9834
10.08.2019,11:10:08,2.02,1.665,1.044,0.995,1.791,11.91,-9.0041,8.5795,-0.7449,4.2005,1.1927
10.08.2019,11:10:08,2.02,1.703,1.043,0.994,1.791,11.5814,-9.2733,7.7456,-0.7449,3.5065,1.3396
10.08.2019,11:10:08,2.02,1.683,1.043,1.007,1.791,10.1142,-9.16,6.9276,-0.7449,3.0161,1.2242
10.08.2019,11:10:08,2.02,1.64,1.043,0.968,1.791,9.1493,-8.5653,5.8015,-0.3113,2.0639,1.7069
10.08.2019,11:10:08,2.02,1.718,1.042,0.974,1.791,8.3426,-7.548,5.1129,0.4022,1.658,2.3019
10.08.2019,11:10:09,2.02,1.549,1.042,0.958,1.791,7.6645,-7.2941,4.8461,0.1084,1.49,2.0604
10.08.2019,11:10:09,2.02,1.56,1.041,1.011,1.791,7.1143,-7.4775,4.5092,0.3742,1.2102,2.3334
10.08.2019,11:10:09,2.02,1.625,1.039,1.021,1.791,6.6634,-6.8571,3.4014,0.612,0.2868,2.4594
10.08.2019,11:10:09,2.02,1.61,1.038,1.176,1.791,4.7934,-6.2551,2.0429,0.8079,-0.5526,2.792
10.08.2019,11:10:09,2.02,1.665,1.036,1.159,1.791,4.3303,-6.2551,2.3229,0.4721,-0.3497,2.3089
10.08.2019,11:10:09,1.94,1.581,1.035,1.117,1.791,3.5591,-5.7452,1.581,0.8079,-1.0283,2.792
10.08.2019,11:10:10,1.94,1.581,1.034,1.219,1.791,4.0778,-4.7338,1.581,1.4795,-0.7834,3.2157
10.08.2019,11:10:10,1.94,1.559,1.033,1.09,1.791,4.0778,-4.3969,1.7629,1.9134,-0.8324,3.4504
10.08.2019,11:10:10,1.94,1.584,1.03,1.124,1.791,4.3163,-3.906,1.8784,2.1899,-0.5316,3.7168
10.08.2019,11:10:10,1.94,1.589,1.028,1.042,1.791,3.7553,-3.2893,1.651,2.6834,-1.0003,4.0112
10.08.2019,11:10:10,1.94,1.624,1.027,1.123,1.791,3.3068,-3.0511,0.8814,2.8515,-1.462,4.0112
10.08.2019,11:10:10,1.94,1.5,1.024,1.001,1.791,4.0638,-3.0511,1.0912,2.8515,-1.2172,4.0813
10.08.2019,11:10:11,2.64,1.702,1.024,1.003,1.791,5.1304,-3.3734,1.8889,2.855,-0.5316,4.0813
10.08.2019,11:10:11,2.64,1.63,1.023,1.023,1.791,6.0863,-3.9621,2.7745,2.6239,-0.014,3.8079
10.08.2019,11:10:11,2.64,1.654,1.022,0.993,1.791,7.1284,-3.7798,3.5275,2.6239,0.6575,4.0673
10.08.2019,11:10:11,2.64,1.626,1.021,1.027,1.791,7.9892,-3.6256,4.4811,3.0336,1.2172,4.176
10.08.2019,11:10:11,2.64,1.623,1.021,1.036,1.791,7.848,-3.6221,4.4811,3.0336,1.2172,4.176
10.08.2019,11:10:11,2.64,1.662,1.023,1.026,1.791,8.484,-3.9341,4.6215,3.0371,1.3711,4.176
10.08.2019,11:10:12,2.64,1.704,1.024,1.071,1.791,9.674,-4.5092,5.4641,2.7815,2.0849,3.878
10.08.2019,11:10:12,1.94,1.723,1.026,1.05,1.791,10.0006,-4.9303,6.3255,2.4839,2.3369,3.7658
10.08.2019,11:10:12,1.94,1.589,1.029,1.038,1.791,9.674,-5.9984,5.9984,1.1577,2.3369,3.1211
10.08.2019,11:10:12,1.94,1.71,1.03,1.228,1.791,9.3478,-6.7585,6.2235,0.8079,2.0919,2.6869
10.08.2019,11:10:12,1.94,1.451,1.033,1.072,1.791,9.6598,-6.9557,6.2235,0.8079,2.0919,2.6869
10.08.2019,11:10:12,1.94,1.448,1.034,1.236,1.791,9.6634,-6.7021,6.674,0.7519,2.5889,2.8795
10.08.2019,11:10:13,1.94,1.606,1.036,1.184,1.791,9.6634,-7.1249,6.1953,0.5421,2.6449,2.4104
10.08.2019,11:10:13,1.94,1.781,1.036,1.136,1.791,8.8944,-7.1284,5.3517,0.5421,2.0639,2.4104
10.08.2019,11:10:13,3.07,1.74,1.037,1.059,1.791,8.2012,-7.1284,5.0567,0.71,1.7419,2.4594
10.08.2019,11:10:13,3.07,1.681,1.038,1.072,1.791,7.7209,-6.7867,4.7899,0.71,1.476,2.5434
10.08.2019,11:10:13,3.07,1.657,1.038,1.071,1.791,7.4105,-6.7867,4.4531,0.71,1.2941,2.5434
10.08.2019,11:10:13,3.07,1.555,1.038,1.075,1.791,6.8888,-6.7831,4.2847,0.5561,1.0702,2.5434
10.08.2019,11:10:13,3.07,1.582,1.038,1.195,1.791,6.6775,-6.9839,4.1199,0.3008,1.0003,2.3649
10.08.2019,11:10:14,3.07,1.507,1.038,1.231,1.791,6.4803,-7.2553,4.1164,0.3008,0.9303,2.2704
10.08.2019,11:10:14,3.07,1.507,1.037,1.1,1.791,6.6775,-7.0403,4.2286,0.4022,1.0213,2.4174
10.08.2019,11:10:14,4.82,1.548,1.037,1.203,1.791,6.5085,-6.6035,4.0883,0.696,1.0213,2.5399
10.08.2019,11:10:14,4.82,1.617,1.036,1.103,1.791,5.7206,-6.2551,3.5415,0.8779,0.6925,2.6834
10.08.2019,11:10:14,4.82,1.549,1.035,1.045,1.791,4.9759,-6.0968,2.771,1.0178,0.1749,2.82
10.08.2019,11:10:14,4.82,1.581,1.033,1.051,1.791,4.9759,-6.0933,2.4629,0.8359,-0.3287,2.6484
10.08.2019,11:10:15,4.82,1.6,1.029,1.051,1.791,5.9878,-5.2955,3.0931,1.4515,-0.1119,2.904
10.08.2019,11:10:15,4.82,1.554,1.027,1.082,1.791,6.2129,-4.3268,3.3313,2.2634,0.2518,3.5205
10.08.2019,11:10:15,4.82,1.553,1.026,1.068,1.791,6.2129,-3.9481,3.1352,2.5294,0.1889,3.8009
10.08.2019,11:10:15,4.13,1.567,1.024,1.06,1.791,6.424,-3.2753,3.2332,2.9916,0.0909,4.0638
10.08.2019,11:10:15,4.13,1.598,1.023,1.06,1.791,6.7761,-2.827,3.517,3.4785,0.4197,4.446
10.08.2019,11:10:15,4.13,1.627,1.023,1.056,1.791,6.7796,-2.827,3.517,3.4785,0.4197,4.5267
10.08.2019,11:10:16,4.13,1.639,1.022,1.049,1.791,6.9734,-3.4995,3.6677,3.1036,0.5316,4.2987
10.08.2019,11:10:16,4.13,1.658,1.023,1.022,1.791,7.1284,-3.9481,4.0778,2.7079,0.8814,3.9761
10.08.2019,11:10:16,4.13,1.674,1.025,1.028,1.791,7.1284,-4.0743,3.9376,2.7079,0.7484,3.9165
10.08.2019,11:10:16,4.13,1.605,1.026,1.057,1.791,7.5657,-4.3829,4.2005,2.4734,0.8254,3.7763
10.08.2019,11:10:16,4.04,1.593,1.027,1.066,1.791,8.6396,-4.832,5.1129,2.3474,1.469,3.7763
10.08.2019,11:10:16,4.04,1.636,1.029,1.153,1.791,9.0927,-5.2955,5.5906,2.0114,1.9029,3.4329
10.08.2019,11:10:17,4.04,1.604,1.03,1.136,1.791,9.3336,-5.5062,5.7874,2.0079,2.0149,3.4329
10.08.2019,11:10:17,4.04,1.547,1.033,1.059,1.791,8.9652,-5.9984,5.7874,1.5355,2.0149,3.1632
10.08.2019,11:10:17,4.04,1.575,1.035,1.047,1.791,8.3143,-6.7867,5.2814,0.9058,1.658,2.5084
10.08.2019,11:10:17,4.04,1.52,1.036,1.174,1.791,8.0881,-6.9839,5.169,0.626,1.658,2.5084
10.08.2019,11:10:17,4.04,1.524,1.037,1.243,1.791,8.0881,-6.843,5.169,0.626,1.658,2.5049
10.08.2019,11:10:17,4.39,1.507,1.037,1.12,1.791,7.8621,-6.843,5.1655,0.626,1.3081,2.5049
10.08.2019,11:10:18,4.39,1.652,1.038,1.098,1.791,7.3681,-6.674,4.4811,0.724,1.2102,2.3929
10.08.2019,11:10:18,4.39,1.558,1.038,1.072,1.791,7.0438,-6.674,4.2742,0.724,1.0982,2.4734
10.08.2019,11:10:18,4.39,1.581,1.039,1.102,1.791,6.7197,-6.674,3.7378,0.724,0.7764,2.4734
10.08.2019,11:10:18,4.39,1.54,1.041,1.077,1.791,6.1285,-6.5613,3.4995,0.5141,0.5806,2.3509
10.08.2019,11:10:18,4.39,1.531,1.044,1.071,1.791,5.819,-7.0544,3.6256,0.2063,0.6855,2.1864
10.08.2019,11:10:19,3.86,1.639,1.043,1.06,1.791,6.1425,-7.0544,3.8079,0.2063,0.7974,2.1864
10.08.2019,11:10:19,3.86,1.655,1.044,1.036,1.791,6.3114,-7.4634,3.9796,0.021,0.9373,1.9939
10.08.2019,11:10:19,3.86,1.64,1.045,1.015,1.791,6.6071,-7.788,4.3689,-0.2133,1.2032,1.8259
10.08.2019,11:10:19,3.86,1.59,1.045,1.003,1.791,6.9029,-7.788,4.5373,-0.2133,1.2731,1.8259
10.08.2019,11:10:19,3.86,1.591,1.045,1.006,1.791,7.1284,-7.7915,4.5373,-0.2133,1.2731,1.8259
10.08.2019,11:10:19,3.86,1.63,1.044,1.002,1.791,7.4246,-7.7915,4.9303,-0.2133,1.553,1.9449
10.08.2019,11:10:20,3.86,1.537,1.044,0.993,1.791,7.4281,-7.6327,4.9303,-0.0035,1.553,2.0429
10.08.2019,11:10:20,2.99,1.557,1.044,0.993,1.791,7.4281,-7.6292,4.9303,-0.0035,1.553,2.0429
10.08.2019,11:10:20,2.99,1.639,1.043,0.992,1.791,7.5939,-7.5198,4.9303,0.1084,1.637,2.0989
10.08.2019,11:10:20,2.99,1.615,1.042,0.992,1.791,7.5939,-7.3364,4.9338,0.2203,1.588,2.2074
10.08.2019,11:10:20,2.99,1.586,1.043,0.992,1.791,7.5939,-7.1954,4.9338,0.3602,1.588,2.2074
10.08.2019,11:10:20,2.99,1.595,1.043,0.994,1.791,7.5939,-7.1919,4.9338,0.3602,1.518,2.2914
10.08.2019,11:10:21,2.99,1.636,1.043,0.998,1.791,7.5939,-7.0403,4.9338,0.3637,1.518,2.2914
10.08.2019,11:10:21,2.99,1.573,1.043,1.01,1.791,7.4951,-7.0368,4.9338,0.5281,1.518,2.4314
10.08.2019,11:10:21,2.81,1.614,1.043,1.011,1.791,7.608,-6.8994,4.9338,0.5316,1.7209,2.5014
10.08.2019,11:10:21,2.81,1.638,1.043,1.009,1.791,7.7915,-6.8994,5.0988,0.5316,1.8189,2.2984
10.08.2019,11:10:21,2.81,1.602,1.043,1.006,1.791,7.7951,-7.3505,5.1023,0.2028,1.7419,2.1619
10.08.2019,11:10:21,2.81,1.583,1.043,0.998,1.791,7.7951,-7.3505,5.1023,0.2028,1.8749,2.1619
10.08.2019,11:10:22,2.81,1.613,1.044,0.998,1.791,8.0316,-7.354,5.3552,0.2028,1.9589,2.0639
10.08.2019,11:10:22,2.81,1.608,1.044,0.996,1.791,8.0316,-7.6327,5.3552,0.0385,1.9589,2.0044
10.08.2019,11:10:22,2.81,1.66,1.044,1.006,1.791,8.1447,-7.6362,5.4641,0.0385,1.9589,2.0044
10.08.2019,11:10:22,2.55,1.585,1.044,1.001,1.791,8.1447,-7.6362,5.4641,0.0385,2.0569,2.0954
10.08.2019,11:10:22,2.55,1.528,1.045,1.005,1.791,8.3037,-7.6362,5.6046,0.0385,2.1549,1.9379
10.08.2019,11:10:22,2.55,1.532,1.045,0.99,1.791,8.3072,-7.8445,5.6081,-0.0734,2.2669,1.8819
10.08.2019,11:10:23,2.55,1.541,1.045,0.983,1.791,8.5123,-8.0281,5.8296,-0.0769,2.2669,1.7664
10.08.2019,11:10:23,2.55,1.588,1.046,0.984,1.791,8.2153,-8.4097,5.8296,-0.3392,2.1199,1.6405
10.08.2019,11:10:23,2.55,1.612,1.046,1.003,1.791,7.8904,-8.5264,5.6046,-0.3392,1.9519,1.476
10.08.2019,11:10:23,2.55,1.603,1.045,1,1.791,7.3964,-8.7493,5.2849,-0.6785,1.6999,1.3781
10.08.2019,11:10:23,2.2,1.663,1.045,1.025,1.791,7.1707,-8.4522,5.0321,-0.6785,1.6999,1.4795
10.08.2019,11:10:23,2.2,1.622,1.044,1.017,1.791,6.7338,-8.014,4.5232,-0.2133,1.3361,1.7349
10.08.2019,11:10:24,2.2,1.596,1.044,1.055,1.791,6.9734,-7.0544,4.6636,0.738,1.455,2.5434
10.08.2019,11:10:24,2.2,1.581,1.04,1.147,1.791,6.9734,-7.0544,4.3689,0.4861,1.2521,2.2564
10.08.2019,11:10:24,2.2,1.533,1.037,1.176,1.791,7.9045,-6.505,5.3798,1.0318,1.8749,2.9215
10.08.2019,11:10:24,2.2,1.584,1.037,1.149,1.791,8.5688,-6.505,5.689,1.0353,2.1969,2.9215
10.08.2019,11:10:24,2.2,1.637,1.035,1.084,1.791,8.5688,-6.505,5.5203,1.0353,1.9379,2.7464
10.08.2019,11:10:24,1.94,1.688,1.035,1.06,1.791,8.5724,-6.3501,5.6222,1.3501,2.0709,2.9916
10.08.2019,11:10:24,1.94,1.677,1.031,1.091,1.791,8.9085,-5.5484,5.5203,1.9834,1.8819,3.496
10.08.2019,11:10:25,1.94,1.766,1.029,1.076,1.791,9.0927,-5.1971,5.8015,2.2634,2.1409,3.6922
10.08.2019,11:10:25,1.94,1.63,1.028,1.092,1.791,9.6208,-4.7618,6.2094,2.5434,2.2949,3.885
10.08.2019,11:10:25,1.94,1.615,1.027,1.082,1.791,10.1568,-4.5794,6.505,2.7394,2.6029,3.9656
10.08.2019,11:10:25,1.94,1.575,1.024,1.08,1.791,9.7875,-4.425,5.8015,2.7394,2.1759,3.9656
10.08.2019,11:10:25,2.29,1.674,1.024,1.168,1.791,8.2295,-4.3093,4.818,2.8655,1.476,4.1059
10.08.2019,11:10:26,2.29,1.597,1.024,1.169,1.791,7.9469,-3.4294,4.5513,3.2718,1.2102,4.4706
10.08.2019,11:10:26,2.29,1.552,1.024,1.091,1.791,7.9469,-3.2613,4.7759,3.2753,1.3711,4.4706
10.08.2019,11:10:26,2.29,1.493,1.024,1.076,1.791,8.3567,-3.2578,4.7759,3.4119,1.469,4.4706
10.08.2019,11:10:26,2.29,1.404,1.025,1.12,1.791,8.0175,-3.2578,4.4952,3.1317,1.2242,4.2426
10.08.2019,11:10:26,2.29,1.389,1.026,1.069,1.791,7.6221,-3.5976,4.4952,3.1317,1.2242,4.2426
10.08.2019,11:10:26,2.29,1.378,1.03,1.063,1.791,7.2412,-4.0322,4.2146,2.4874,1.0353,3.8359
10.08.2019,11:10:27,3.6,1.374,1.03,1.113,1.791,7.0438,-4.6916,4.2146,2.0394,1.0353,3.5135
10.08.2019,11:10:27,3.6,1.569,1.033,1.076,1.791,7.1566,-5.3798,4.4531,1.6615,1.2311,3.2753
10.08.2019,11:10:27,3.6,1.598,1.035,1.039,1.791,7.481,-5.5765,4.818,1.5355,1.539,3.1912
10.08.2019,11:10:27,3.6,1.663,1.036,1.076,1.791,8.021,-6.4487,5.2674,1.2836,1.8609,3.0266
10.08.2019,11:10:27,3.6,1.675,1.037,1.164,1.791,8.021,-7.0403,5.2674,1.2836,1.8609,3.0266
10.08.2019,11:10:27,3.6,1.666,1.038,1.197,1.791,8.6962,-7.3223,5.4781,0.3742,2.0709,2.2844
10.08.2019,11:10:28,3.6,1.624,1.038,1.088,1.791,8.9085,-7.8868,5.9984,0.3742,2.2809,2.2844
10.08.2019,11:10:28,5.09,1.631,1.038,1.012,1.791,9.0502,-7.8868,5.9984,0.0525,2.2809,2.1024
10.08.2019,11:10:28,5.09,1.596,1.038,1.003,1.791,9.3052,-7.7456,6.1707,0.0525,2.3649,2.2249
10.08.2019,11:10:28,5.09,1.535,1.038,1.002,1.791,9.5037,-7.7456,6.5331,0.0525,2.6309,2.1479
10.08.2019,11:10:28,5.09,1.562,1.038,0.991,1.791,9.0502,-7.3646,6.4064,0.3322,2.4279,2.3019
10.08.2019,11:10:28,5.09,1.602,1.037,1,1.791,8.5264,-7.0967,5.8296,0.5561,2.0919,2.5014
10.08.2019,11:10:29,5.09,1.689,1.036,1.006,1.791,8.2577,-6.7021,5.4676,0.5596,1.9379,2.5014
10.08.2019,11:10:29,5.09,1.627,1.035,1.027,1.791,8.583,-6.2833,5.4641,0.9898,1.9379,2.876
10.08.2019,11:10:29,6.05,1.656,1.034,1.08,1.791,8.583,-5.8296,5.2674,1.6335,2.0289,3.1702
10.08.2019,11:10:29,6.05,1.718,1.03,1.215,1.791,8.583,-5.5062,5.45,1.9694,1.8679,3.3558
10.08.2019,11:10:29,6.05,1.657,1.029,1.169,1.791,8.8377,-5.1831,5.45,2.1199,1.8679,3.552
10.08.2019,11:10:29,6.05,1.627,1.028,1.224,1.791,8.6113,-5.1796,5.0567,2.1234,1.8119,3.552
10.08.2019,11:10:30,6.05,1.524,1.028,1.108,1.791,8.0316,-4.6215,4.5092,2.3474,1.448,3.552
10.08.2019,11:10:30,6.05,1.417,1.027,1.098,1.791,7.3964,-4.1444,4.1339,2.82,1.0283,3.7728
10.08.2019,11:10:30,6.05,1.457,1.026,1.092,1.791,7.2271,-3.5836,4.1304,3.0336,0.9583,4.0953
10.08.2019,11:10:30,5.35,1.506,1.026,1.037,1.791,7.2271,-3.4574,4.1304,3.0336,0.8744,4.1795
10.08.2019,11:10:30,5.35,1.448,1.027,1.028,1.791,7.8198,-4.0463,4.5267,2.0639,1.1892,3.8464
10.08.2019,11:10:30,5.35,1.458,1.028,1.026,1.791,7.4528,-4.9443,4.9443,2.2494,1.0283,3.7132
10.08.2019,11:10:31,5.35,1.462,1.029,1.118,1.791,8.5123,-5.2955,5.1866,1.476,1.8749,3.4049
10.08.2019,11:10:31,5.35,1.518,1.029,1.112,1.791,8.0458,-6.0687,4.5969,1.2941,1.4061,3.1387
10.08.2019,11:10:31,5.35,1.561,1.03,1.103,1.791,7.4246,-6.0687,4.5934,1.1717,1.0702,2.9846
10.08.2019,11:10:31,5.35,1.579,1.029,1.074,1.791,7.1143,-5.928,4.0322,1.7454,1.1192,3.0441
10.08.2019,11:10:31,3.77,1.623,1.029,1.052,1.791,6.5648,-5.0567,3.4574,2.0114,0.5806,3.5626
10.08.2019,11:10:31,3.77,1.538,1.029,1.046,1.791,6.2973,-4.8882,3.6116,1.8714,0.4127,3.4469
10.08.2019,11:10:32,3.77,1.545,1.029,1.068,1.791,6.3114,-4.8601,3.6116,1.8714,0.6855,3.4469
10.08.2019,11:10:32,3.77,1.481,1.029,1.032,1.791,6.8888,-4.8566,3.6151,2.0674,0.5666,3.5065
10.08.2019,11:10:32,3.77,1.619,1.029,1.062,1.791,7.8056,-5.2814,4.425,2.0674,0.9233,3.6046
10.08.2019,11:10:32,3.77,1.647,1.029,1.064,1.791,8.9793,-5.7171,5.3376,1.8714,2.1269,3.2893
10.08.2019,11:10:32,3.77,1.62,1.029,1.076,1.791,9.4187,-5.914,5.9456,1.644,2.2109,3.2893
10.08.2019,11:10:32,2.81,1.688,1.029,1.067,1.791,9.5747,-5.7874,6.1144,1.644,2.2109,3.3664
10.08.2019,11:10:33,2.81,1.611,1.029,1.079,1.791,9.5782,-5.5484,6.1144,1.8994,2.3509,3.4539
10.08.2019,11:10:33,2.81,1.627,1.029,1.151,1.791,9.3903,-5.5449,6.1144,1.8994,2.1059,3.4539
10.08.2019,11:10:33,2.81,1.632,1.029,1.129,1.791,8.7953,-5.2814,5.6187,1.9029,1.6859,3.4539
10.08.2019,11:10:33,2.81,1.616,1.029,1.105,1.791,8.074,-5.2779,5.0707,2.0114,1.518,3.3208
10.08.2019,11:10:33,2.81,1.609,1.029,1.088,1.791,8.2754,-5.2779,5.0672,1.8714,1.7909,3.4645
10.08.2019,11:10:33,2.81,1.535,1.03,1.048,1.791,8.4698,-5.4079,5.2709,1.8714,1.6999,3.1807
10.08.2019,11:10:34,2.37,1.476,1.029,1.073,1.791,8.2012,-5.6187,5.1269,1.6475,1.616,3.1807
10.08.2019,11:10:34,2.37,1.576,1.031,1.056,1.791,8.0316,-5.6187,5.1234,1.6475,1.4201,3.1807
10.08.2019,11:10:34,2.37,1.606,1.034,1.041,1.791,7.735,-5.6187,4.7759,1.644,1.2661,2.953
10.08.2019,11:10:34,2.37,1.68,1.035,1.159,1.791,7.2553,-5.9702,4.5373,1.2556,1.1262,2.953
10.08.2019,11:10:34,2.37,1.575,1.036,1.173,1.791,6.8606,-5.9702,4.2987,1.2556,0.8464,2.953
10.08.2019,11:10:34,2.37,1.583,1.037,1.161,1.791,6.5648,-5.9702,4.2987,1.2556,0.8464,2.953
10.08.2019,11:10:35,2.37,1.512,1.038,1.256,1.791,6.424,-6.2094,3.906,1.0143,0.7345,2.6029
10.08.2019,11:10:35,3.07,1.589,1.038,1.243,1.791,6.4205,-6.4803,3.7798,0.64,0.7345,2.4349
10.08.2019,11:10:35,3.07,1.597,1.04,1.219,1.791,6.241,-6.6317,3.7798,0.4721,0.7345,2.4349
10.08.2019,11:10:35,3.07,1.509,1.042,1.123,1.791,6.241,-6.8289,3.6397,0.3322,0.6365,2.2844
10.08.2019,11:10:35,3.07,1.482,1.043,1.104,1.791,6.0019,-7.0262,3.6397,0.1784,0.6365,2.1584
10.08.2019,11:10:35,3.07,1.496,1.045,1.081,1.791,6.0019,-7.1954,3.7413,0.1784,0.6855,2.1584
10.08.2019,11:10:35,3.07,1.582,1.044,1.059,1.791,6.0019,-7.1954,3.7413,0.1749,0.7554,2.1584
10.08.2019,11:10:36,3.07,1.65,1.044,1.064,1.791,6.1144,-7.3364,3.7448,0.1749,0.7554,2.1584
10.08.2019,11:10:36,3.51,1.564,1.044,1.088,1.791,6.2692,-7.3364,4.1024,0.1749,0.9233,2.2249
10.08.2019,11:10:36,3.51,1.552,1.044,1.08,1.791,7.0156,-7.3364,4.5267,0.1749,1.2311,2.1759
10.08.2019,11:10:36,3.51,1.609,1.044,1.066,1.791,7.0192,-7.0967,4.5302,0.3742,1.2311,2.3334
10.08.2019,11:10:36,3.51,1.623,1.045,1.056,1.791,7.1848,-6.9276,4.5302,0.5106,1.2346,2.4139
10.08.2019,11:10:36,3.51,1.573,1.044,1.054,1.791,7.3681,-6.924,4.6776,0.5141,1.3571,2.4139
10.08.2019,11:10:37,3.51,1.539,1.042,1.054,1.791,7.4951,-6.7867,4.6811,0.654,1.4131,2.4874
10.08.2019,11:10:37,3.51,1.493,1.041,1.059,1.791,7.6504,-6.6317,4.832,0.7659,1.483,2.5819
10.08.2019,11:10:37,2.9,1.515,1.04,1.072,1.791,7.6504,-6.6317,4.832,0.7659,1.483,2.5819
10.08.2019,11:10:37,2.9,1.508,1.04,1.075,1.791,7.481,-6.6282,4.832,0.7694,1.4061,2.5819
10.08.2019,11:10:37,2.9,1.513,1.04,1.068,1.791,7.481,-6.6282,4.832,0.7694,1.4061,2.5819
10.08.2019,11:10:37,2.9,1.535,1.04,1.073,1.791,7.4775,-6.6282,4.832,0.7694,1.4061,2.5224
10.08.2019,11:10:38,2.9,1.584,1.04,1.068,1.791,7.3258,-6.6282,4.6776,0.7694,1.4061,2.5224
10.08.2019,11:10:38,2.9,1.528,1.041,1.075,1.791,7.3258,-6.7585,4.6776,0.654,1.4061,2.4524
10.08.2019,11:10:38,2.9,1.633,1.043,1.067,1.791,7.0861,-6.762,4.5653,0.5281,1.2102,2.3509
10.08.2019,11:10:38,2.46,1.577,1.045,1.058,1.791,6.9311,-7.0121,4.4531,0.4022,1.2102,2.2564
10.08.2019,11:10:38,2.46,1.498,1.045,1.046,1.791,6.8043,-7.0156,4.4496,0.3987,1.1262,2.2564
10.08.2019,11:10:38,2.46,1.5,1.045,1.021,1.791,6.6493,-7.2377,4.2566,0.2063,1.0423,2.1059
10.08.2019,11:10:39,2.46,1.501,1.045,1.004,1.791,6.5226,-7.3646,4.2531,0.0804,0.9723,2.0219
10.08.2019,11:10:39,2.46,1.512,1.045,0.998,1.791,6.3114,-7.3681,3.9761,0.0769,0.8604,2.0219
10.08.2019,11:10:39,2.46,1.537,1.046,0.986,1.791,6.3114,-7.6045,3.9761,-0.1189,0.8604,1.8679
10.08.2019,11:10:39,2.46,1.524,1.046,0.98,1.791,6.3114,-7.7315,3.9761,-0.1224,0.9093,1.8679
10.08.2019,11:10:39,2.46,1.542,1.046,0.979,1.791,6.3114,-7.7315,3.9761,-0.1259,0.9093,1.8679
10.08.2019,11:10:39,2.46,1.533,1.046,0.977,1.791,6.3079,-7.7315,3.9761,-0.1259,0.8464,1.8679
10.08.2019,11:10:40,2.46,1.54,1.045,0.976,1.791,6.3044,-7.5621,3.9761,-0.1259,0.8464,1.9554
10.08.2019,11:10:40,2.46,1.562,1.046,0.977,1.791,6.3044,-7.5621,3.9726,-0.1259,0.8464,1.9554
10.08.2019,11:10:40,2.46,1.578,1.045,0.987,1.791,6.3044,-7.5586,3.9726,-0.1259,0.9093,2.0289
10.08.2019,11:10:40,2.46,1.543,1.045,1.012,1.791,6.4944,-7.5551,4.1024,0.0105,1.0073,2.0849
10.08.2019,11:10:40,2.46,1.613,1.045,1.025,1.791,6.4979,-7.3823,4.1059,0.014,1.0073,2.0849
10.08.2019,11:10:41,2.11,1.601,1.044,1.152,1.791,6.6951,-7.0544,4.2602,0.3672,1.0632,2.2459
10.08.2019,11:10:41,2.11,1.655,1.045,1.16,1.791,6.8465,-6.9276,4.2637,0.3707,1.0632,2.3159
10.08.2019,11:10:41,2.11,1.594,1.044,1.179,1.791,6.8465,-6.924,4.2672,0.5421,1.0667,2.4034
10.08.2019,11:10:41,2.11,1.576,1.042,1.065,1.791,6.8501,-6.7162,4.2707,0.6645,1.0667,2.4734
10.08.2019,11:10:41,2.11,1.547,1.04,1.086,1.791,7.0156,-6.5895,4.425,0.668,1.0667,2.5854
10.08.2019,11:10:41,2.11,1.506,1.039,1.131,1.791,7.0156,-6.5895,4.425,0.668,1.0667,2.5854
10.08.2019,11:10:42,1.67,1.499,1.039,1.112,1.791,6.9029,-6.5895,4.2987,0.6715,1.0842,2.5329
10.08.2019,11:10:42,1.67,1.442,1.038,1.121,1.791,6.762,-6.4627,4.1339,0.8324,0.9863,2.5994
10.08.2019,11:10:42,1.67,1.452,1.038,1.109,1.791,6.7585,-6.4592,4.1304,0.8324,0.9163,2.5994
10.08.2019,11:10:42,1.67,1.574,1.038,1.118,1.791,6.6493,-6.4557,4.1269,0.8359,0.9163,2.6029
10.08.2019,11:10:42,1.67,1.561,1.038,1.101,1.791,6.6458,-6.336,3.906,0.8359,0.8184,2.6029
10.08.2019,11:10:42,1.67,1.499,1.038,1.082,1.791,6.5085,-6.336,3.906,0.8359,0.8184,2.6029
10.08.2019,11:10:43,1.67,1.587,1.038,1.074,1.791,6.5085,-6.5191,3.906,0.8359,0.8184,2.5504
10.08.2019,11:10:43,1.67,1.538,1.038,1.078,1.791,6.3396,-6.5191,3.7378,0.8359,0.7205,2.5504
10.08.2019,11:10:43,1.67,1.566,1.038,1.088,1.791,6.336,-6.5191,3.7378,0.724,0.7205,2.5504
10.08.2019,11:10:43,1.67,1.544,1.038,1.077,1.791,6.336,-6.5191,3.7378,0.724,0.7205,2.5504
10.08.2019,11:10:43,1.67,1.616,1.038,1.111,1.791,6.3325,-6.4205,3.7378,0.724,0.6505,2.6134
10.08.2019,11:10:43,1.67,1.629,1.038,1.109,1.791,6.1848,-6.4205,3.7343,0.724,0.6505,2.6134
10.08.2019,11:10:44,1.67,1.543,1.038,1.119,1.791,6.0441,-6.4205,3.5275,0.724,0.5806,2.5329
10.08.2019,11:10:44,1.67,1.558,1.038,1.111,1.791,6.0406,-6.4205,3.5275,0.724,0.4966,2.5329
10.08.2019,11:10:44,1.94,1.561,1.038,1.086,1.791,6.0406,-6.3079,3.5275,0.8499,0.6015,2.6239
10.08.2019,11:10:44,1.94,1.587,1.038,1.122,1.791,6.1848,-6.3079,3.6397,0.8499,0.6015,2.6239
10.08.2019,11:10:44,1.94,1.564,1.039,1.077,1.791,6.1883,-6.3079,3.6432,0.8499,0.6855,2.6239
10.08.2019,11:10:44,1.94,1.577,1.039,1.04,1.791,6.2973,-6.4205,3.7518,0.8499,0.6855,2.5364
10.08.2019,11:10:45,1.94,1.579,1.04,1.028,1.791,6.424,-6.4205,3.864,0.8499,0.7834,2.5854
10.08.2019,11:10:45,1.94,1.485,1.042,1.01,1.791,6.424,-6.424,3.864,0.7205,0.7345,2.5854
10.08.2019,11:10:45,1.94,1.494,1.043,1.012,1.791,6.4275,-6.5895,3.864,0.612,0.7834,2.4524
10.08.2019,11:10:45,1.94,1.486,1.045,1.018,1.791,6.5367,-6.7444,3.8675,0.4861,0.8394,2.3824
10.08.2019,11:10:45,1.94,1.47,1.045,1.008,1.791,6.5402,-7.0967,4.1164,0.3602,0.9513,2.2844
10.08.2019,11:10:45,1.94,1.464,1.045,0.991,1.791,6.5402,-7.1002,4.1164,0.2343,0.9023,2.1899
10.08.2019,11:10:46,1.94,1.453,1.046,0.987,1.791,6.3255,-7.1002,3.92,0.2343,0.8044,2.1899
10.08.2019,11:10:46,1.94,1.517,1.045,0.999,1.791,6.1707,-7.1037,3.92,0.2308,0.8044,2.1899
10.08.2019,11:10:46,1.94,1.656,1.045,0.995,1.791,5.9878,-7.3117,3.7518,0.2308,0.6925,2.1024
10.08.2019,11:10:46,1.94,1.663,1.045,0.994,1.791,5.805,-7.4493,3.6116,0.0105,0.5946,2.0464
10.08.2019,11:10:46,2.11,1.647,1.046,0.997,1.791,5.8015,-7.5904,3.6081,-0.1294,0.5246,1.8959
10.08.2019,11:10:46,2.11,1.618,1.045,0.996,1.791,5.7979,-7.5904,3.4995,-0.2553,0.5246,1.8399
10.08.2019,11:10:46,2.11,1.617,1.045,0.994,1.791,5.7979,-7.5904,3.4995,-0.2553,0.5246,1.8399
10.08.2019,11:10:47,2.11,1.516,1.046,0.991,1.791,5.7944,-7.5904,3.4995,-0.1434,0.5246,1.8399
10.08.2019,11:10:47,2.11,1.695,1.045,0.991,1.791,5.6222,-7.4775,3.3593,-0.1434,0.4407,1.8994
10.08.2019,11:10:47,2.11,1.627,1.046,0.991,1.791,5.6187,-7.4775,3.3593,-0.1434,0.4407,1.8994
10.08.2019,11:10:47,2.11,1.704,1.046,0.991,1.791,5.6187,-7.4775,3.3593,-0.1434,0.3847,1.8994
10.08.2019,11:10:47,2.64,1.673,1.046,0.991,1.791,5.6152,-7.3082,3.3558,-0.1399,0.3847,1.9554
10.08.2019,11:10:48,2.64,1.579,1.046,0.992,1.791,5.1585,-7.3082,3.0126,-0.1889,0.2728,1.9589
10.08.2019,11:10:48,2.64,1.517,1.047,0.989,1.791,4.9619,-7.6045,3.0126,-0.3812,0.1469,1.8119
10.08.2019,11:10:48,2.64,1.443,1.047,0.986,1.791,4.9619,-7.7739,3.0126,-0.3847,0.1469,1.6265
10.08.2019,11:10:48,2.64,1.479,1.046,1.008,1.791,5.0637,-8.014,3.1632,-0.605,0.2238,1.6265
10.08.2019,11:10:48,2.64,1.538,1.046,1.004,1.791,5.0637,-8.2825,3.1667,-0.7449,0.4197,1.3501
10.08.2019,11:10:48,3.42,1.567,1.046,1.007,1.791,5.313,-8.5653,3.1667,-0.7449,0.4197,1.3501
10.08.2019,11:10:49,3.42,1.571,1.046,1.007,1.791,5.3165,-8.4522,3.4434,-0.7484,0.4756,1.5075
10.08.2019,11:10:49,3.42,1.589,1.045,1.02,1.791,5.4817,-8.2966,3.4434,-0.5631,0.5316,1.5915
10.08.2019,11:10:49,3.42,1.584,1.046,1.006,1.791,5.6363,-7.9998,3.4434,-0.5596,0.4686,1.7209
10.08.2019,11:10:49,3.42,1.694,1.045,1.004,1.791,5.5379,-7.7315,3.4434,-0.3113,0.4686,1.8049
10.08.2019,11:10:49,3.42,1.588,1.045,1.001,1.791,5.5379,-7.5621,3.4434,-0.1574,0.5316,1.8889
10.08.2019,11:10:49,3.42,1.605,1.045,0.997,1.791,5.6925,-7.5586,3.4434,-0.1574,0.6015,1.8889
10.08.2019,11:10:50,3.34,1.637,1.045,0.993,1.791,5.9737,-7.4316,3.6256,-0.1539,0.6715,1.9869
10.08.2019,11:10:50,3.34,1.575,1.045,0.992,1.791,6.1425,-7.2377,3.6291,0.0769,0.7554,2.0814
10.08.2019,11:10:50,3.34,1.578,1.045,0.991,1.791,6.3396,-7.3646,3.906,0.0769,0.8953,1.9624
10.08.2019,11:10:50,3.34,1.58,1.044,0.996,1.791,6.4522,-7.3646,4.0182,0.0769,0.9513,1.9624
10.08.2019,11:10:50,3.34,1.655,1.043,1,1.791,6.4557,-7.3646,4.0217,0.0769,0.9513,1.9624
10.08.2019,11:10:50,3.34,1.569,1.043,1.02,1.791,6.7057,-7.2095,4.2146,0.0769,1.0493,2.1129
10.08.2019,11:10:51,3.34,1.648,1.043,1.002,1.791,6.7092,-7.0685,4.2181,0.2623,1.0493,2.2249
10.08.2019,11:10:51,3.77,1.649,1.044,0.999,1.791,6.917,-7.0685,4.3408,0.2623,1.1892,2.2249
10.08.2019,11:10:51,3.77,1.563,1.043,0.996,1.791,7.0861,-7.0685,4.4952,0.2658,1.2871,2.2249
10.08.2019,11:10:51,3.77,1.653,1.043,0.993,1.791,7.0861,-7.0685,4.4987,0.2658,1.2871,2.2249
10.08.2019,11:10:51,3.77,1.653,1.043,0.993,1.791,6.9875,-7.1813,4.5022,0.2658,1.1822,2.2249
10.08.2019,11:10:51,3.77,1.631,1.043,0.993,1.791,6.8465,-7.1848,4.5022,0.2658,1.1262,2.0884
10.08.2019,11:10:52,3.77,1.615,1.043,0.993,1.791,6.6634,-7.1848,4.2987,0.1224,1.0562,2.0884
10.08.2019,11:10:52,3.77,1.595,1.043,1.008,1.791,6.6634,-7.1883,4.2987,0.1224,1.1332,2.1654
10.08.2019,11:10:52,3.16,1.575,1.043,1.005,1.791,6.8465,-7.1883,4.3969,0.2343,1.1332,2.2494
10.08.2019,11:10:52,3.16,1.644,1.043,1.012,1.791,6.8465,-7.1883,4.3969,0.2378,1.1332,2.1864
10.08.2019,11:10:52,3.16,1.679,1.043,1.004,1.791,6.7197,-7.1883,4.2321,0.2378,1.0423,2.1864
10.08.2019,11:10:52,3.16,1.735,1.043,1.003,1.791,6.7197,-7.1883,4.3303,0.2378,1.0423,2.1864
10.08.2019,11:10:53,3.16,1.759,1.043,1.005,1.791,6.7197,-7.1883,4.3338,0.2378,1.1612,2.1864
10.08.2019,11:10:53,3.16,1.628,1.043,1.005,1.791,6.7197,-7.1883,4.3338,0.2378,1.1122,2.1864
10.08.2019,11:10:53,3.16,1.649,1.043,1.007,1.791,6.7197,-7.1883,4.3373,0.2378,1.1122,2.1864
10.08.2019,11:10:53,2.9,1.664,1.043,1.013,1.791,6.8747,-7.1883,4.4671,0.2378,1.2172,2.1829
10.08.2019,11:10:53,2.9,1.667,1.044,1.015,1.791,6.8782,-7.1883,4.4706,0.2378,1.2731,2.1829
10.08.2019,11:10:53,2.9,1.583,1.043,1.021,1.791,7.072,-7.1883,4.6636,0.2378,1.3431,2.2319
10.08.2019,11:10:54,2.9,1.533,1.044,1.019,1.791,7.1848,-7.1883,4.6636,0.2413,1.3431,2.2319
10.08.2019,11:10:54,2.9,1.624,1.044,1.012,1.791,7.1883,-7.1883,4.8039,0.2413,1.497,2.2319
10.08.2019,11:10:54,2.9,1.647,1.045,1.011,1.791,7.4528,-7.1883,4.9163,0.2413,1.497,2.2319
10.08.2019,11:10:54,2.9,1.621,1.044,1.008,1.791,7.608,-7.1883,4.9198,0.2448,1.595,2.2319
10.08.2019,11:10:54,2.55,1.646,1.044,1.008,1.791,7.735,-7.1883,4.9198,0.2448,1.595,2.2319
10.08.2019,11:10:54,2.55,1.573,1.044,1.007,1.791,7.8763,-7.1919,5.0707,0.3602,1.595,2.2319
10.08.2019,11:10:55,2.55,1.539,1.043,1.006,1.791,7.8798,-7.3823,5.1971,0.1364,1.7349,2.0639
10.08.2019,11:10:55,2.55,1.505,1.044,1.005,1.791,7.9892,-7.3858,5.1971,0.1364,1.7384,2.1374
10.08.2019,11:10:55,2.55,1.513,1.045,1.005,1.791,7.9892,-7.3858,5.1971,0.1364,1.7384,2.1374
10.08.2019,11:10:55,2.55,1.587,1.045,1.005,1.791,7.9892,-7.2518,5.1971,0.2903,1.7384,2.2599
10.08.2019,11:10:55,2.46,1.582,1.044,1.005,1.791,7.8198,-7.1249,5.0567,0.4162,1.644,2.2599
10.08.2019,11:10:56,2.46,1.552,1.044,1.005,1.791,7.6504,-7.1249,5.0567,0.4162,1.644,2.2599
10.08.2019,11:10:56,2.46,1.54,1.045,1.007,1.791,7.5374,-7.1249,4.9022,0.4162,1.518,2.2599
10.08.2019,11:10:56,2.46,1.559,1.045,1.024,1.791,7.5339,-7.1249,4.9022,0.4162,1.518,2.2599
10.08.2019,11:10:56,2.46,1.529,1.045,1.048,1.791,7.4105,-7.1249,4.8987,0.3183,1.518,2.2599
10.08.2019,11:10:56,2.46,1.502,1.044,1.034,1.791,7.4105,-7.1249,4.7899,0.4162,1.448,2.3439
10.08.2019,11:10:56,2.46,1.478,1.044,1.066,1.791,7.4069,-6.9311,4.7864,0.5421,1.448,2.4139
10.08.2019,11:10:57,2.72,1.521,1.045,1.052,1.791,7.2412,-7.0861,4.7864,0.4162,1.3501,2.2809
10.08.2019,11:10:57,2.72,1.535,1.045,1.048,1.791,7.0438,-7.0861,4.5934,0.4162,1.2941,2.3334
10.08.2019,11:10:57,2.72,1.538,1.044,1.048,1.791,7.0438,-7.0861,4.5934,0.4127,1.2242,2.3334
10.08.2019,11:10:57,2.72,1.551,1.044,1.046,1.791,6.9029,-7.0861,4.4425,0.4127,1.1402,2.2704
10.08.2019,11:10:57,2.72,1.56,1.044,1.044,1.791,6.8994,-7.0861,4.439,0.4092,1.1402,2.2704
10.08.2019,11:10:57,2.72,1.546,1.044,1.043,1.791,6.7902,-7.0861,4.3128,0.4092,1.1367,2.4034
10.08.2019,11:10:57,2.72,1.576,1.044,1.042,1.791,6.7902,-6.9276,4.3128,0.4092,1.0562,2.4034
10.08.2019,11:10:58,2.72,1.602,1.044,1.042,1.791,6.7902,-6.9276,4.3128,0.5141,1.0562,2.4699
10.08.2019,11:10:58,2.72,1.626,1.043,1.042,1.791,6.9029,-6.7726,4.3128,0.64,1.1192,2.5434
10.08.2019,11:10:58,2.72,1.505,1.043,1.054,1.791,6.9029,-6.6317,4.3128,0.6435,1.1192,2.5434
10.08.2019,11:10:58,2.72,1.53,1.042,1.1,1.791,6.9029,-6.6317,4.3128,0.8359,1.1192,2.5469
10.08.2019,11:10:58,2.72,1.514,1.041,1.147,1.791,6.9029,-6.4909,4.3128,0.8359,1.0283,2.7219
10.08.2019,11:10:58,2.72,1.496,1.04,1.158,1.791,6.7902,-6.4909,4.3128,0.8394,1.0772,2.7219
10.08.2019,11:10:59,2.72,1.463,1.04,1.156,1.791,6.7902,-6.4874,4.3128,0.8394,1.0772,2.7219
10.08.2019,11:10:59,2.99,1.473,1.039,1.121,1.791,7.0579,-6.9135,4.5373,0.4721,1.3151,2.4524
10.08.2019,11:10:59,2.99,1.438,1.039,1.054,1.791,7.0579,-7.0685,4.4145,0.3567,1.1122,2.2319
10.08.2019,11:10:59,2.99,1.521,1.039,1.055,1.791,7.3823,-6.5754,4.6215,0.9058,1.2451,2.5854
10.08.2019,11:10:59,2.99,1.557,1.038,1.056,1.791,7.6221,-6.3079,4.7478,1.1437,1.3291,2.9495
10.08.2019,11:10:59,2.99,1.528,1.037,1.049,1.791,7.6221,-6.3079,4.7478,1.1437,1.3291,2.8585
10.08.2019,11:11:00,2.99,1.563,1.037,1.048,1.791,7.6221,-6.3079,4.7478,1.0038,1.3291,2.7464
10.08.2019,11:11:00,2.99,1.583,1.037,1.051,1.791,7.6221,-6.4768,4.7478,1.0038,1.2102,2.876
10.08.2019,11:11:00,2.64,1.626,1.036,1.049,1.791,7.5233,-6.3642,4.7478,1.0038,1.455,2.946
10.08.2019,11:11:00,2.64,1.545,1.037,1.103,1.791,6.7338,-6.1672,3.9902,1.0038,0.9303,2.827
10.08.2019,11:11:00,2.64,1.589,1.036,1.145,1.791,6.7303,-6.1672,3.9902,1.0038,0.8604,2.9075
10.08.2019,11:11:00,2.64,1.653,1.036,1.204,1.791,6.3536,-5.8999,3.6817,1.1857,0.6785,2.9075
10.08.2019,11:11:01,2.64,1.659,1.036,1.08,1.791,6.1003,-5.5625,3.5731,1.434,0.6785,3.1001
10.08.2019,11:11:01,2.64,1.639,1.037,1.131,1.791,5.4957,-5.169,2.9005,1.616,0.1749,3.2297
10.08.2019,11:11:01,2.64,1.586,1.036,1.068,1.791,4.7232,-5.3095,2.2984,1.3921,-0.2728,3.0791
10.08.2019,11:11:01,2.55,1.637,1.036,1.075,1.791,4.4706,-5.2112,2.1689,1.3921,-0.4547,3.1422
10.08.2019,11:11:01,2.55,1.607,1.036,1.097,1.791,5.2849,-5.5765,2.953,1.3921,0.1259,2.9846
10.08.2019,11:11:01,2.55,1.656,1.036,1.109,1.791,5.7206,-5.9175,3.1912,1.1157,0.1259,2.869
10.08.2019,11:11:02,2.55,1.595,1.034,1.201,1.791,7.1284,-6.4487,4.439,0.9898,1.0493,2.8585
10.08.2019,11:11:02,2.55,1.623,1.033,1.177,1.791,7.961,-6.6317,5.0567,0.9898,1.553,2.8585
10.08.2019,11:11:02,2.55,1.687,1.03,1.127,1.791,8.1588,-6.2375,5.2674,1.3676,1.8329,3.1001
10.08.2019,11:11:02,2.72,1.706,1.029,1.076,1.791,7.4105,-6.2375,4.5232,1.1577,1.2661,3.1001
10.08.2019,11:11:02,2.72,1.57,1.023,1.058,1.791,6.1848,-6.0968,3.3453,1.1577,0.1889,2.925
10.08.2019,11:11:03,2.72,1.574,1.018,1.035,1.791,6.7902,-6.336,3.3453,1.1577,0.1889,2.925
10.08.2019,11:11:03,2.72,1.556,1.014,1.044,1.791,8.1447,-4.8601,4.8987,2.4629,1.3711,3.8394
10.08.2019,11:11:03,2.72,1.461,1.008,0.988,1.791,7.5798,-2.967,3.864,3.5661,0.4966,4.6109
10.08.2019,11:11:03,2.72,1.49,1.005,0.985,1.791,7.3681,-1.7069,3.6852,4.3478,0.3567,5.0497
10.08.2019,11:11:03,2.72,1.572,1.003,0.977,1.791,9.3761,-2.1829,3.7939,4.3478,0.3567,5.2252
10.08.2019,11:11:03,3.25,1.636,0.998,0.977,1.791,10.4412,-1.7769,5.3517,4.197,1.623,5.0005
10.08.2019,11:11:04,3.25,1.636,0.995,0.982,1.791,7.9892,1.2032,5.8296,4.8987,1.679,5.6503
10.08.2019,11:11:04,3.25,1.601,0.995,0.984,1.791,6.7338,3.4434,2.0884,8.4875,0.2588,6.9557
10.08.2019,11:11:04,3.25,1.702,0.995,0.979,1.791,6.9734,3.4434,2.8445,8.4875,-0.7484,8.0104
10.08.2019,11:11:04,3.25,1.932,0.997,0.971,1.791,5.5238,3.3033,1.483,8.0811,0.0839,8.0104
10.08.2019,11:11:04,3.25,1.65,0.997,1.043,1.791,4.639,3.1352,1.1192,7.9398,-1.0562,7.8056
10.08.2019,11:11:04,3.25,1.538,1,1.053,1.791,4.9759,2.0254,1.3571,6.6423,-1.1822,6.5155
10.08.2019,11:11:05,2.55,1.764,1.006,1.092,1.791,3.5731,-0.0699,0.5036,4.9408,-1.7279,5.3025
10.08.2019,11:11:05,2.55,1.809,1.008,1.05,1.791,3.0406,-1.2871,0.3637,3.8044,-1.609,4.7443
10.08.2019,11:11:05,2.55,1.728,1.011,1.031,1.791,4.1199,-1.7489,1.2591,3.9446,-1.511,5.1726
10.08.2019,11:11:05,2.55,1.665,1.012,1.079,1.791,3.3769,-1.7489,0.2798,4.1409,-2.0219,5.0532
10.08.2019,11:11:05,2.55,1.75,1.016,1.063,1.791,2.7604,-1.7489,-0.014,3.4259,-2.2459,4.3233
10.08.2019,11:11:05,2.55,1.692,1.02,1.088,1.791,1.7244,-2.813,-0.4057,2.8375,-2.2459,4.1164
10.08.2019,11:11:06,2.55,1.744,1.021,1.046,1.791,1.9484,-2.813,-0.4092,2.8375,-2.6099,4.0603
10.08.2019,11:11:06,3.16,1.708,1.022,1.032,1.791,0.9128,-3.2613,-0.9933,2.4314,-2.6659,3.7798
10.08.2019,11:11:06,3.16,1.785,1.023,1.032,1.791,1.4306,-3.8499,-0.3882,1.9239,-2.2109,3.6432
10.08.2019,11:11:06,3.16,1.745,1.023,1.063,1.791,3.1527,-4.0042,1.0108,2.2599,-0.9513,3.6432
10.08.2019,11:11:06,3.16,1.752,1.024,1.129,1.791,4.5408,-3.5135,2.5049,2.9075,-0.7834,4.2216
10.08.2019,11:11:06,3.16,1.682,1.026,1.223,1.791,5.4535,-2.9951,2.5049,3.0581,0.4896,4.0007
10.08.2019,11:11:07,3.16,1.761,1.027,1.07,1.791,6.836,-3.6537,3.4609,2.876,0.1329,4.2917
10.08.2019,11:11:07,3.16,1.703,1.03,1.102,1.791,6.5648,-3.4855,3.4609,2.6939,0.6295,3.4434
10.08.2019,11:11:07,3.51,1.558,1.032,1.286,1.791,6.6775,-5.1971,4.1164,1.4655,1.0353,2.8865
10.08.2019,11:11:07,3.51,1.627,1.035,1.126,1.791,7.0297,-5.8858,4.2882,1.2102,1.3291,2.8865
10.08.2019,11:11:07,3.51,1.54,1.036,1.122,1.791,7.9327,-6.5331,5.3798,0.71,2.1409,2.2389
10.08.2019,11:11:07,3.51,1.517,1.037,1.064,1.791,9.0077,-7.3082,6.2938,0.4302,2.4209,2.3334
10.08.2019,11:11:08,3.51,1.511,1.038,1.074,1.791,8.2153,-7.3928,6.0124,0.4267,1.9799,2.4139
10.08.2019,11:11:08,3.51,1.513,1.038,1.076,1.791,7.354,-7.3928,5.0426,0.4267,1.4201,2.2704
10.08.2019,11:11:08,3.51,1.506,1.038,1.054,1.791,7.2271,-7.5621,4.7197,0.1224,1.3501,2.1304
10.08.2019,11:11:08,4.13,1.527,1.037,1.147,1.791,7.354,-7.5621,4.7197,0.1224,1.455,2.1934
10.08.2019,11:11:08,4.13,1.548,1.037,1.178,1.791,7.354,-7.2236,4.8636,0.1224,1.455,2.2634
10.08.2019,11:11:08,4.13,1.603,1.036,1.137,1.791,7.1989,-6.6176,4.6776,0.4861,1.1822,2.6134
10.08.2019,11:11:08,4.13,1.616,1.036,1.232,1.791,6.8888,-6.2938,4.3829,0.9198,0.9583,2.8095
10.08.2019,11:11:09,4.13,1.475,1.031,1.139,1.791,6.8888,-6.2903,4.176,0.9233,0.9583,2.8095
10.08.2019,11:11:09,4.13,1.579,1.03,1.069,1.791,6.8888,-5.7312,4.176,1.1297,0.8884,3.0721
10.08.2019,11:11:09,4.13,1.499,1.027,1.062,1.791,6.8888,-4.9584,4.0463,1.6615,0.7764,3.3664
10.08.2019,11:11:09,3.07,1.457,1.025,1.065,1.791,6.8888,-4.6916,4.0428,1.9659,0.7764,3.3664
10.08.2019,11:11:09,3.07,1.455,1.025,1.053,1.791,6.2551,-3.9761,3.1071,2.5994,0.3287,3.7308
10.08.2019,11:11:09,3.07,1.597,1.026,1.1,1.791,5.8753,-3.8219,3.1071,2.862,0.1049,3.9832
10.08.2019,11:11:10,3.07,1.603,1.024,1.108,1.791,6.4944,-3.2472,3.1071,2.862,0.1049,3.9832
10.08.2019,11:11:10,3.07,1.631,1.022,1.085,1.791,8.1871,-3.2472,5.2112,3.1737,1.609,4.4987
10.08.2019,11:11:10,3.07,1.639,1.022,1.062,1.791,9.0643,-4.0883,5.2147,2.7114,1.609,3.9586
10.08.2019,11:11:10,3.07,1.634,1.021,1.043,1.791,9.0643,-4.3829,5.3938,2.5854,1.6125,3.7763
10.08.2019,11:11:10,2.9,1.614,1.023,1.101,1.791,9.0679,-4.2707,5.3973,2.8235,1.7629,3.9796
10.08.2019,11:11:10,2.9,1.582,1.025,1.214,1.791,9.0679,-4.0182,5.155,2.8235,1.6999,4.1199
10.08.2019,11:11:11,2.9,1.56,1.025,1.057,1.791,8.6962,-4.2005,5.155,2.8235,1.6999,4.1199
10.08.2019,11:11:11,2.9,1.548,1.027,1.004,1.791,8.8944,-4.5092,5.3692,2.5014,1.9589,3.9621
10.08.2019,11:11:11,2.9,1.533,1.028,1.007,1.791,8.4557,-4.8461,5.0567,2.2634,1.616,3.7097
10.08.2019,11:11:11,2.9,1.512,1.03,1.004,1.791,8.0458,-4.6636,4.5513,2.5434,1.3221,3.7728
10.08.2019,11:11:11,2.9,1.497,1.03,1.013,1.791,7.481,-4.1304,4.5478,2.8655,1.2242,4.2216
10.08.2019,11:11:11,2.9,1.478,1.032,1.007,1.791,7.8621,-4.2426,5.0005,2.2074,1.665,3.6677
10.08.2019,11:11:12,2.9,1.453,1.034,1.001,1.791,8.3143,-5.5062,5.5765,1.4375,2.0849,3.1947
10.08.2019,11:11:12,2.9,1.452,1.035,1.074,1.791,8.767,-6.7021,5.9843,0.5841,2.2949,2.5504
10.08.2019,11:11:12,2.9,1.481,1.035,1.066,1.791,8.767,-7.7315,5.8155,-0.0595,2.1339,2.0499
10.08.2019,11:11:12,2.9,1.538,1.034,1.064,1.791,8.074,-8.1411,5.3657,-0.1993,1.6859,2.0499
10.08.2019,11:11:12,2.9,1.579,1.032,1.099,1.791,7.5233,-7.2553,5.2533,0.3742,1.7769,2.4594
10.08.2019,11:11:12,2.9,1.526,1.03,1.052,1.791,6.2551,-6.917,4.1865,0.3777,0.9023,2.4594
10.08.2019,11:11:13,2.81,1.492,1.025,1.012,1.791,5.299,-6.7867,3.1912,0.5141,0.1329,2.5959
10.08.2019,11:11:13,2.81,1.563,1.022,1.012,1.791,5.819,-5.4781,2.9425,1.0702,-0.1189,3.0756
10.08.2019,11:11:13,2.81,1.557,1.014,1.086,1.791,6.5367,-3.3173,3.1492,2.7675,0.0979,4.4145
10.08.2019,11:11:13,2.81,1.563,1.007,1.057,1.791,7.4387,-2.2669,3.6256,3.7623,0.3777,4.8671
10.08.2019,11:11:13,2.81,1.511,1.004,1.063,1.791,7.4387,-1.4306,3.6256,4.3934,0.2728,5.3411
10.08.2019,11:11:13,2.81,1.454,0.998,1.044,1.791,8.4133,0.0699,3.864,5.559,0.6155,6.2129
10.08.2019,11:11:14,2.81,1.463,0.995,1.015,1.791,7.961,2.0569,3.9902,7.0227,0.2868,7.1531
10.08.2019,11:11:14,4.04,1.432,0.994,1.037,1.791,6.6352,2.6589,2.4769,7.8409,-0.7764,7.6892
10.08.2019,11:11:14,4.04,1.375,0.994,1.072,1.791,6.6352,2.4489,2.0604,7.8409,-0.7764,7.5939
10.08.2019,11:11:14,4.04,1.433,0.993,1.006,1.791,6.1285,0.8394,2.4349,6.7409,-0.8604,6.5719
10.08.2019,11:11:14,4.04,1.576,0.992,0.995,1.791,5.6503,0.1539,1.7944,5.682,-0.9863,6.0898
10.08.2019,11:11:14,4.04,1.635,0.992,1.009,1.791,5.299,0.8114,1.679,5.9948,-1.1822,6.3818
10.08.2019,11:11:15,4.04,1.553,0.992,1.04,1.791,5.6784,1.539,1.679,6.6141,-0.9093,7.0121
10.08.2019,11:11:15,4.04,1.587,0.993,1.017,1.791,5.4535,1.9869,1.8609,6.9381,-1.0003,6.9593
10.08.2019,11:11:15,4.39,1.616,0.994,0.999,1.791,5.8612,2.5889,2.4489,7.3752,-1.1822,7.5763
10.08.2019,11:11:15,4.39,1.426,0.996,1.012,1.791,6.9875,1.9869,2.7009,6.5578,-0.1819,6.9628
10.08.2019,11:11:15,4.39,1.479,0.999,1.049,1.791,6.7057,0.7135,2.7009,5.8401,-0.3427,6.5719
10.08.2019,11:11:15,4.39,1.519,1.006,1.056,1.791,6.4803,-0.042,3.1211,5.292,-0.1539,6.0757
10.08.2019,11:11:16,4.39,1.517,1.011,1.048,1.791,6.4803,-1.0493,3.4469,4.9373,0.042,5.8542
10.08.2019,11:11:16,4.39,1.531,1.012,1.108,1.791,7.3399,-1.525,4.3969,4.169,0.8814,5.6538
10.08.2019,11:11:16,4.39,1.5,1.014,1.072,1.791,8.2153,-2.939,6.139,2.7955,1.3431,5.2217
10.08.2019,11:11:16,7.36,1.54,1.014,1.103,1.791,10.4839,-6.0019,8.0281,0.3322,2.883,3.3769
10.08.2019,11:11:16,7.36,1.489,1.013,1.055,1.791,11.7956,-8.721,8.0316,0.7904,3.6817,2.4769
10.08.2019,11:11:16,7.36,1.562,1.011,1.025,1.791,11.7813,-3.8499,7.7739,3.0336,3.5626,3.4539
10.08.2019,11:11:17,7.36,1.604,1.01,1.03,1.791,9.1918,-1.9169,5.3798,4.3654,2.4839,4.8812
10.08.2019,11:11:17,7.36,1.572,1.01,0.988,1.791,7.9045,-1.3431,4.2146,4.646,1.0283,5.4957
10.08.2019,11:11:17,7.36,1.524,1.011,0.998,1.791,6.424,-0.9373,3.2192,4.8285,0.6085,5.1374
10.08.2019,11:11:17,7.36,1.51,1.013,1.016,1.791,4.6952,-1.3291,2.1024,4.5443,-0.3148,5.5765
10.08.2019,11:11:17,6.31,1.486,1.013,1.105,1.791,3.9656,-1.7104,1.2591,4.0848,-0.6225,5.0707
10.08.2019,11:11:17,6.31,1.49,1.014,1.065,1.791,5.1445,-3.4154,2.2389,3.482,-0.7205,5.0707
10.08.2019,11:11:18,6.31,1.546,1.013,1.063,1.791,6.4803,-4.832,3.5556,2.4734,0.1819,4.6355
10.08.2019,11:11:18,6.31,1.607,1.008,1.06,1.791,9.1493,-5.4781,6.0265,1.8854,2.5189,3.864
10.08.2019,11:11:18,6.31,1.605,1.002,1.084,1.791,9.6314,-4.6355,5.5484,2.7955,1.56,4.0077
10.08.2019,11:11:18,6.31,1.539,0.996,1.044,1.791,11.3387,-2.2424,6.843,4.646,2.5189,5.2849
10.08.2019,11:11:18,4.47,1.499,0.991,1.053,1.791,11.6099,-0.3497,6.674,6.0652,2.2179,7.1355
10.08.2019,11:11:19,4.47,1.499,0.987,1.026,1.791,10.7828,1.609,5.9421,7.4598,1.2941,8.014
10.08.2019,11:11:19,4.47,1.527,0.979,1.042,1.791,9.5747,3.0791,5.9421,7.4598,1.2941,8.014
10.08.2019,11:11:19,4.47,1.587,0.977,1.096,1.791,9.3903,3.1912,4.4566,8.5865,0.9653,8.0634
10.08.2019,11:11:19,4.47,1.533,0.974,1.031,1.791,9.8159,3.1912,4.7478,8.5865,1.3011,8.3744
10.08.2019,11:11:19,4.47,1.511,0.974,1.04,1.791,10.555,4.1585,5.1269,9.3548,1.0702,9.0147
10.08.2019,11:11:19,4.47,1.545,0.975,1.036,1.791,10.2421,5.0988,4.6636,10.164,0.4547,8.8377
10.08.2019,11:11:20,4.39,1.574,0.977,1.032,1.791,9.2485,4.1865,4.0322,9.3123,0.2168,8.0634
10.08.2019,11:11:20,4.39,1.595,0.981,1.119,1.791,8.3284,2.9811,3.5976,8.3779,-0.0909,7.4281
10.08.2019,11:11:20,4.39,1.653,0.986,1.035,1.791,7.8056,2.2529,3.1912,7.6433,0.1958,6.7127
10.08.2019,11:11:20,4.39,1.657,0.99,1.051,1.791,7.8056,0.7135,3.5275,6.4592,0.3078,6.2622
10.08.2019,11:11:20,4.39,1.662,0.993,1.054,1.791,8.3143,-0.2798,5.1129,5.3622,1.3711,6.1742
10.08.2019,11:11:20,4.39,1.565,0.996,1.132,1.791,9.3761,-1.2591,5.1129,5.3622,1.469,6.1742
10.08.2019,11:11:21,4.39,1.504,1.001,1.056,1.791,9.2344,-1.2626,3.3874,5.0391,0.2588,5.7522
10.08.2019,11:11:21,3.95,1.662,1.004,1.04,1.791,4.7232,-1.2451,1.581,4.6601,-1.0283,5.5554
10.08.2019,11:11:21,3.95,1.675,1.007,1.017,1.791,4.7197,-2.4349,1.8644,3.6607,-0.6855,4.9022
10.08.2019,11:11:21,3.95,1.647,1.009,1.032,1.791,4.4987,-2.4349,1.8644,3.6607,-0.6855,4.9022
10.08.2019,11:11:21,3.95,1.67,1.009,1.065,1.791,5.0883,-2.7569,2.0149,3.6607,-0.6855,4.9022
10.08.2019,11:11:21,3.95,1.609,1.008,1.016,1.791,5.7628,-2.1969,2.5084,3.9832,-0.3777,5.0461
10.08.2019,11:11:21,3.95,1.57,1.006,1.055,1.791,5.0742,-2.1934,1.9169,3.9832,-0.8184,5.0461
10.08.2019,11:11:22,3.95,1.645,1.006,1.037,1.791,4.0918,-2.1934,1.3291,3.8324,-1.1542,4.9689
10.08.2019,11:11:22,3.42,1.627,1.003,1.029,1.791,4.5408,-2.3789,1.595,3.8289,-1.0073,4.9689
10.08.2019,11:11:22,3.42,1.522,1,1.063,1.791,6.6493,-2.6344,3.3033,3.8289,0.2938,4.8882
10.08.2019,11:11:22,3.42,1.566,0.999,1.102,1.791,8.074,-2.0289,4.2987,4.7302,0.9653,5.8296
10.08.2019,11:11:22,3.42,1.576,0.994,1.032,1.791,8.9935,-0.9933,4.6952,5.5414,0.8744,6.2833
10.08.2019,11:11:22,3.42,1.487,0.993,1.109,1.791,9.2911,-0.8394,4.6987,5.5414,1.0353,5.8507
10.08.2019,11:11:23,3.42,1.467,0.993,1.033,1.791,9.4612,-0.8394,5.0286,5.5414,1.3431,6.1144
10.08.2019,11:11:23,3.42,1.494,0.992,1.065,1.791,9.8017,0.0839,5.0286,6.417,1.0982,6.7726
10.08.2019,11:11:23,4.13,1.438,0.991,1.047,1.791,9.2202,0.8534,4.6074,6.8254,0.8324,7.0967
10.08.2019,11:11:23,4.13,1.663,0.991,1.045,1.791,8.5688,1.2871,3.8079,6.9381,0.2728,6.8501
10.08.2019,11:11:23,4.13,1.658,0.991,1.031,1.791,8.5653,0.5876,4.2847,6.3044,1.0213,6.5543
10.08.2019,11:11:23,4.13,1.539,0.993,1.024,1.791,8.3426,0.7974,4.0322,6.5578,0.4966,6.7268
10.08.2019,11:11:24,4.13,1.569,0.994,1.037,1.791,7.8763,0.7974,3.6397,6.5578,0.3847,6.7268
10.08.2019,11:11:24,4.13,1.698,0.995,1.059,1.791,7.2835,0.5176,3.3628,6.0757,0.1189,6.2868
10.08.2019,11:11:24,4.13,1.655,0.997,1.052,1.791,6.6212,0.2238,2.7429,5.9245,-0.3287,6.2868
10.08.2019,11:11:24,6.49,1.582,1,1.03,1.791,5.7769,0.0839,2.1269,5.7698,-0.8464,6.2024
10.08.2019,11:11:24,6.49,1.573,1.003,0.987,1.791,4.9057,-0.2238,1.2486,5.1901,-1.49,5.682
10.08.2019,11:11:24,6.49,1.604,1.004,0.996,1.791,5.0742,-1.469,2.0009,4.3093,-0.2798,5.0848
10.08.2019,11:11:25,6.49,1.564,1.004,0.988,1.791,6.6634,-2.7289,3.4469,3.871,0.4756,5.2042
10.08.2019,11:11:25,6.49,1.607,1.007,1.006,1.791,5.4535,-2.5469,3.5731,4.0813,-0.063,4.9724
10.08.2019,11:11:25,6.49,1.61,1.006,1.088,1.791,4.4145,-3.0931,1.8364,3.5906,-1.504,4.4917
10.08.2019,11:11:25,6.49,1.568,1.006,1.051,1.791,5.6363,-3.0966,1.4166,2.946,-0.8254,4.155
110.08.2019,11:11:25,5.44,1.545,1.005,1.058,1.791,7.4528,-2.4209,3.6116,4.0007,0.5736,5.1445
10.08.2019,11:11:26,5.44,1.502,1.003,1.097,1.791,7.0156,-2.0989,3.2052,4.2672,0.2728,5.0567
10.08.2019,11:11:26,5.44,1.513,1.001,1.07,1.791,7.0156,-1.581,3.569388608,4.2672,0.2728,5.0567
10.08.2019,11:11:26,5.44,1.414,1.001,1.105,1.791,7.4387,-0.8394,3.5696,5.2498,0.3497,5.6363
10.08.2019,11:11:26,5.44,1.433,1,1.107,1.791,7.735,-0.5316,3.8079,5.6152,0.5456,6.0124
10.08.2019,11:11:26,5.44,1.447,0.999,1.079,1.791,7.735,-0.5316,3.8079,5.3622,0.5456,6.1003
10.08.2019,11:11:26,4.56,1.412,0.998,1.067,1.791,7.8904,-0.8534,3.8114,5.0953,0.4966,5.7839
10.08.2019,11:11:27,4.56,1.607,0.998,1.066,1.791,7.213,-0.8569,3.2192,4.9268,0.2588,5.5449
10.08.2019,11:11:27,4.56,1.666,0.998,1.06,1.791,6.7057,-0.8569,3.2192,4.9268,0.2588,5.5449
10.08.2019,11:11:27,4.56,1.62,0.999,1.051,1.791,6.1707,-0.2098,2.2844,5.5976,-0.4407,6.0406
10.08.2019,11:11:27,4.56,1.768,1,1.041,1.791,5.1304,-0.2063,1.4271,5.1234,-0.9583,5.8788
10.08.2019,11:11:27,4.56,1.603,1.002,1.04,1.791,4.8355,-0.3218,1.6405,5.1234,-1.2242,5.5836
10.08.2019,11:11:27,4.56,1.501,1.004,1.05,1.791,5.4676,-0.3253,2.2529,5.1234,-0.6155,5.6925
10.08.2019,11:11:28,5,1.517,1.007,1.118,1.791,5.6363,-0.6575,2.1024,4.7969,-0.6155,5.4887
10.08.2019,11:11:28,5,1.657,1.009,1.058,1.791,5.3552,-1.1472,1.9029,4.7969,-0.7484,5.6081
10.08.2019,11:11:28,5,1.67,1.008,1.038,1.791,4.9619,-1.7629,1.9029,3.6922,-0.8884,4.8882
10.08.2019,11:11:28,5,1.617,1.011,1.083,1.791,5.313,-2.869,2.6904,3.3523,-0.5036,4.5513
10.08.2019,11:11:28,5,1.542,1.013,1.024,1.791,6.5789,-3.0651,3.3909,3.1982,0.3357,4.5513
10.08.2019,11:11:28,5,1.574,1.013,1.011,1.791,5.8612,-3.4434,2.5049,3.1982,-0.2028,4.4811
10.08.2019,11:11:29,5,1.496,1.013,0.998,1.791,5.3411,-2.897,2.2564,3.4785,-0.5106,4.7829
10.08.2019,11:11:29,5.7,1.561,1.013,1.03,1.791,5.1866,-3.2613,2.5469,3.0056,-0.3357,4.3513
10.08.2019,11:11:29,5.7,1.634,1.012,1.015,1.791,6.0019,-3.2613,2.9951,3.2998,-0.0979,4.4425
10.08.2019,11:11:29,5.7,1.612,1.012,1.074,1.791,7.5798,-2.5049,3.7833,3.7868,0.5036,4.8496
10.08.2019,11:11:29,5.7,1.577,1.011,1.075,1.791,7.1707,-2.967,3.892,3.7868,0.6435,4.8496
10.08.2019,11:11:29,5.7,1.595,1.01,1.056,1.791,7.1707,-2.967,3.892,3.51,0.6435,4.7162
10.08.2019,11:11:30,5.7,1.581,1.008,1.07,1.791,7.5233,-2.967,3.6537,4.0287,0.3987,5.0918
10.08.2019,11:11:30,5.7,1.534,1.007,1.053,1.791,8.0881,-3.8359,4.4531,3.1036,0.9933,4.411
10.08.2019,11:11:30,5,1.619,1.007,1.034,1.791,8.8944,-3.2893,4.832,3.1036,1.3291,4.3513
10.08.2019,11:11:30,5,1.568,1.005,0.996,1.791,9.8159,-2.6309,5.2252,4.0287,1.469,5.0777
10.08.2019,11:11:30,5,1.686,1.003,0.997,1.791,10.7401,-2.6274,6.1531,4.3093,2.1829,5.2955
10.08.2019,11:11:30,5,1.608,1.003,1.005,1.791,10.5693,-2.6274,6.4768,4.3128,2.3929,5.2955
10.08.2019,11:11:31,5,1.576,1.002,1.015,1.791,10.2137,-2.4629,6.0265,4.4215,2.0639,5.2955
10.08.2019,11:11:31,5,1.56,1.001,1.032,1.791,9.7024,-2.4629,5.8893,4.1234,1.9939,5.0426
10.08.2019,11:11:31,5,1.604,1,1.084,1.791,9.5179,-2.0989,5.4254,4.6144,1.672,5.3552
10.08.2019,11:11:31,4.13,1.633,1,1.077,1.791,9.9011,-1.9169,5.6468,4.8566,1.672,5.4781
10.08.2019,11:11:31,4.13,1.48,0.999,1.071,1.791,9.7166,-1.7069,5.3376,4.8601,1.8469,5.4781
10.08.2019,11:11:31,4.13,1.532,0.998,1.044,1.791,9.8159,-1.539,5.7171,4.8601,1.616,5.7487
10.08.2019,11:11:32,4.13,1.54,0.997,1.043,1.791,9.8195,-1.8469,5.3095,4.7443,1.2801,5.5554
10.08.2019,11:11:32,4.13,1.543,0.997,1.038,1.791,8.9369,-1.3711,4.3829,5.1515,0.8884,5.8999
10.08.2019,11:11:32,4.13,1.696,0.997,1.021,1.791,8.0034,-0.5876,3.1492,6.037,-0.3567,6.4944
10.08.2019,11:11:32,4.13,1.509,0.997,1.064,1.791,6.241,0.8674,1.9029,6.2903,-0.8044,6.4311
10.08.2019,11:11:32,4.65,1.399,0.997,1.016,1.791,5.6644,0.668,1.5985,5.8788,-1.0562,6.1637
10.08.2019,11:11:32,4.65,1.422,0.998,1.042,1.791,4.4285,0.2798,1.2486,5.6398,-1.476,6.1637
10.08.2019,11:11:33,4.65,1.413,0.999,1.044,1.791,4.8075,0.4197,1.7069,5.5168,-0.7415,5.8542
10.08.2019,11:11:33,4.65,1.476,1.002,1.01,1.791,5.6784,-0.1119,2.4629,5.306,-0.2518,5.7417
10.08.2019,11:11:33,4.65,1.55,1.003,1.077,1.791,6.03,-0.8534,2.6029,4.9268,-0.2518,5.4711
10.08.2019,11:11:33,4.65,1.622,1.006,1.021,1.791,6.3255,-1.4131,2.813,4.0007,-0.2483,4.8145
10.08.2019,11:11:33,4.65,1.615,1.008,1.06,1.791,6.3255,-2.1829,3.2472,3.9972,0.3078,4.9759
10.08.2019,11:11:33,3.51,1.656,1.009,1.165,1.791,7.8904,-2.6029,4.0322,3.9972,0.7554,4.9759
10.08.2019,11:11:33,3.51,1.589,1.01,1.125,1.791,8.8094,-3.5135,4.7338,3.6361,1.581,4.5899
10.08.2019,11:11:34,3.51,1.629,1.011,1.121,1.791,9.8301,-3.6817,5.6187,3.4399,1.9729,4.5899
10.08.2019,11:11:34,3.51,1.577,1.012,1.234,1.791,10.8967,-4.5092,6.328,3.4399,1.9729,4.5899
10.08.2019,11:11:34,3.51,1.587,1.013,1.058,1.791,11.5956,-4.639,7.548,2.9635,3.2893,4.1409
10.08.2019,11:11:34,3.51,1.476,1.014,1.064,1.791,10.2279,-3.864,6.9276,2.9635,2.1199,4.3443
10.08.2019,11:11:34,3.51,1.561,1.014,1.026,1.791,7.8198,-3.2052,4.9479,3.3383,0.8604,4.2812
10.08.2019,11:11:34,3.07,1.554,1.015,1.089,1.791,6.4663,-3.2052,3.4574,3.0756,0.2868,4.183
10.08.2019,11:11:35,3.07,1.607,1.017,1.06,1.791,6.227,-2.967,3.3208,3.1842,0.2868,4.2917
10.08.2019,11:11:35,3.07,1.555,1.018,0.991,1.791,6.3396,-3.3033,3.3208,3.1842,0.2868,4.2917
10.08.2019,11:11:35,3.07,1.552,1.02,0.995,1.791,7.0861,-3.9481,3.7273,2.904,0.9373,4.1444
10.08.2019,11:11:35,3.07,1.541,1.019,0.987,1.791,7.848,-3.8219,4.5513,2.904,0.9373,4.1444
10.08.2019,11:11:35,3.07,1.577,1.019,0.988,1.791,6.8888,-4.3689,3.9481,2.6974,0.6225,3.7097
10.08.2019,11:11:35,3.07,1.493,1.02,1.049,1.791,7.1002,-5.436,3.9481,1.8959,1.2311,3.4855
10.08.2019,11:11:36,2.72,1.588,1.019,1.031,1.791,8.1164,-5.7171,4.8776,1.7699,1.637,3.4855
10.08.2019,11:11:36,2.72,1.562,1.018,1.052,1.791,8.6962,-5.58,5.3411,1.7699,1.7629,3.6361
10.08.2019,11:11:36,2.72,1.604,1.017,1.051,1.791,8.8661,-4.5232,5.3411,2.4594,1.7629,4.3478
10.08.2019,11:11:36,2.72,1.597,1.016,1.091,1.791,9.4045,-3.4434,5.4781,3.3278,1.8469,4.653
10.08.2019,11:11:36,2.72,1.512,1.015,1.085,1.791,9.8443,-3.0931,5.8155,3.7623,2.0569,4.7688
10.08.2019,11:11:36,2.72,1.494,1.011,1.055,1.791,9.6456,-3.0931,5.1831,3.7623,1.7419,4.7688
10.08.2019,11:11:37,2.72,1.581,1.011,0.988,1.791,8.7528,-2.939,4.5092,3.7623,1.1682,4.8812
10.08.2019,11:11:37,3.69,1.59,1.011,1.023,1.791,8.021,-2.939,3.9341,3.6361,0.8464,4.7864
10.08.2019,11:11:37,3.69,1.566,1.007,1.09,1.791,7.0861,-2.9355,3.1246,3.4785,0.1329,4.5618
10.08.2019,11:11:37,3.69,1.508,1.008,1.065,1.791,6.2973,-2.6729,3.1246,3.8605,0.063,4.8812
10.08.2019,11:11:37,3.69,1.529,1.006,1.006,1.791,6.7197,-2.4069,4.0603,4.983,0.6995,5.5344
10.08.2019,11:11:37,3.69,1.508,1.005,1.037,1.791,7.9751,-0.9093,3.4434,5.1655,0.3707,5.7628
10.08.2019,11:11:38,3.69,1.49,1.006,1.039,1.791,6.6071,-1.679,3.0231,4.2391,-0.1049,5.1269
10.08.2019,11:11:38,3.69,1.478,1.005,1.019,1.791,6.3959,-1.6824,2.7009,4.3654,-0.2728,5.2147
10.08.2019,11:11:38,4.04,1.523,1.005,1.009,1.791,8.0316,-2.1549,4.1304,4.3689,0.6995,5.3376
10.08.2019,11:11:38,4.04,1.667,1.005,1.117,1.791,8.4698,-2.1549,4.6074,4.3724,1.0912,5.4535
10.08.2019,11:11:38,4.04,1.539,1.005,1.035,1.791,8.6537,-2.6029,4.8039,4.183,1.2311,5.2358
10.08.2019,11:11:38,4.04,1.384,1.005,1.018,1.791,8.5123,-2.6029,4.653,3.857,1.0423,4.9163
10.08.2019,11:11:39,4.04,1.465,1.006,1.061,1.791,8.7103,-1.8049,4.653,4.446,1.1332,5.1726
10.08.2019,11:11:39,4.04,1.506,1.006,1.153,1.791,9.2485,-1.441,5.0883,5.2042,1.4271,5.9562
10.08.2019,11:11:39,4.04,1.555,1.006,1.075,1.791,9.2485,-2.0429,5.2393,4.5618,1.651,5.3727
10.08.2019,11:11:39,3.42,1.542,1.006,1.056,1.791,9.2485,-2.0429,5.2393,4.3934,1.56,5.1971
10.08.2019,11:11:39,3.42,1.535,1.006,1.049,1.791,9.3903,-2.0464,5.2393,4.3934,1.609,5.2849
10.08.2019,11:11:39,3.42,1.528,1.006,1.028,1.791,9.7733,-2.2669,5.6468,4.3934,1.8749,5.1936
10.08.2019,11:11:40,3.42,1.53,1.008,1.015,1.791,9.8869,-2.5749,5.6503,4.183,1.8749,5.1374
10.08.2019,11:11:40,3.42,1.595,1.009,1.016,1.791,10.1426,-2.2529,5.8331,4.5162,1.8784,5.3692
10.08.2019,11:11:40,3.42,1.673,1.011,1.017,1.791,10.1426,-2.4209,5.9421,4.2952,2.0569,5.0953
10.08.2019,11:11:40,3.42,1.612,1.012,1.018,1.791,9.2627,-2.6729,5.5062,3.9726,1.7839,5.0953
10.08.2019,11:11:40,2.81,1.677,1.014,1.03,1.791,7.7633,-2.5329,4.2146,3.9726,0.7484,5.0286
10.08.2019,11:11:40,2.81,1.638,1.015,1.028,1.791,6.6071,-2.911,3.3874,3.4539,0.2868,4.4952
10.08.2019,11:11:41,2.81,1.599,1.019,1.118,1.791,5.8612,-3.3453,2.953,3.0476,-0.007,4.183
10.08.2019,11:11:41,2.81,1.522,1.02,1.082,1.791,5.2428,-3.6957,2.4489,2.8095,-0.2728,4.0603
10.08.2019,11:11:41,2.81,1.491,1.02,1.058,1.791,5.6503,-3.864,2.7464,2.806,-0.0839,4.0007
10.08.2019,11:11:41,2.81,1.431,1.022,1.053,1.791,6.2692,-4.2426,3.2227,2.5819,0.2378,3.906
10.08.2019,11:11:41,2.81,1.458,1.023,1.098,1.791,6.9593,-4.4811,3.9095,2.3999,0.6995,3.7238
10.08.2019,11:11:41,2.72,1.604,1.024,1.053,1.791,7.072,-4.4846,3.9095,2.3999,0.7974,3.7238
